"../../../Engine/Plugins/2D/Paper2D/Content/PlaceholderTextures/DummySpriteTexture.ubulk" 0
"../../../Engine/Plugins/2D/Paper2D/Content/PlaceholderTextures/DummySpriteTexture.uasset" 1
"../../../Engine/Plugins/2D/Paper2D/Content/PlaceholderTextures/DummySpriteTexture.uexp" 2
"../../../Engine/Plugins/2D/Paper2D/Content/DummySprite.uasset" 3
"../../../Engine/Plugins/2D/Paper2D/Content/DummySprite.uexp" 4
"../../../Engine/Plugins/2D/Paper2D/Content/DefaultPaperTerrainMaterial.uasset" 5
"../../../Engine/Plugins/2D/Paper2D/Content/DefaultPaperTerrainMaterial.uexp" 6
"../../../Engine/Content/Animation/DefaultRecorderBoneCompression.uasset" 7
"../../../Engine/Content/Animation/DefaultRecorderBoneCompression.uexp" 8
"../../../Engine/Content/EngineFonts/Faces/DroidSansFallback.uexp" 9
"../../../Engine/Content/EngineFonts/Faces/DroidSansFallback.uasset" 10
"../../../Engine/Content/EngineFonts/Faces/DroidSansFallback.ufont" 11
"../../../Engine/Content/EngineFonts/Faces/RobotoBold.uexp" 12
"../../../Engine/Content/EngineFonts/Faces/RobotoBold.uasset" 13
"../../../Engine/Content/EngineFonts/Faces/RobotoBold.ufont" 14
"../../../Engine/Content/EngineFonts/Faces/RobotoBoldItalic.uexp" 15
"../../../Engine/Content/EngineFonts/Faces/RobotoBoldItalic.uasset" 16
"../../../Engine/Content/EngineFonts/Faces/RobotoBoldItalic.ufont" 17
"../../../Engine/Content/EngineFonts/Faces/RobotoItalic.uexp" 18
"../../../Engine/Content/EngineFonts/Faces/RobotoItalic.uasset" 19
"../../../Engine/Content/EngineFonts/Faces/RobotoItalic.ufont" 20
"../../../Engine/Content/EngineFonts/Faces/RobotoLight.uexp" 21
"../../../Engine/Content/EngineFonts/Faces/RobotoLight.uasset" 22
"../../../Engine/Content/EngineFonts/Faces/RobotoLight.ufont" 23
"../../../Engine/Content/EngineFonts/Faces/RobotoRegular.uexp" 24
"../../../Engine/Content/EngineFonts/Faces/RobotoRegular.uasset" 25
"../../../Engine/Content/EngineFonts/Faces/RobotoRegular.ufont" 26
"../../../Engine/Content/EngineFonts/Roboto.uasset" 27
"../../../Engine/Content/EngineFonts/Roboto.uexp" 28
"../../../Engine/Content/EngineMaterials/DefaultDestructiblePhysicalMaterial.uasset" 29
"../../../Engine/Content/EngineMaterials/DefaultDestructiblePhysicalMaterial.uexp" 30
"../../../Engine/Plugins/Interchange/Runtime/Content/Pipelines/DefaultAssetsPipeline.uasset" 31
"../../../Engine/Plugins/Interchange/Runtime/Content/Pipelines/DefaultAssetsPipeline.uexp" 32
"../../../Engine/Plugins/Interchange/Runtime/Content/Pipelines/DefaultAudioPipeline.uasset" 33
"../../../Engine/Plugins/Interchange/Runtime/Content/Pipelines/DefaultAudioPipeline.uexp" 34
"../../../Engine/Content/EngineSounds/Master.uasset" 35
"../../../Engine/Content/EngineSounds/Master.uexp" 36
"../../../Engine/Plugins/Interchange/Runtime/Content/Pipelines/DefaultGLTFAssetsPipeline.uasset" 37
"../../../Engine/Plugins/Interchange/Runtime/Content/Pipelines/DefaultGLTFAssetsPipeline.uexp" 38
"../../../Engine/Plugins/Interchange/Runtime/Content/Pipelines/DefaultGLTFPipeline.uasset" 39
"../../../Engine/Plugins/Interchange/Runtime/Content/Pipelines/DefaultGLTFPipeline.uexp" 40
"../../../Engine/Plugins/Interchange/Runtime/Content/Pipelines/DefaultGLTFSceneAssetsPipeline.uasset" 41
"../../../Engine/Plugins/Interchange/Runtime/Content/Pipelines/DefaultGLTFSceneAssetsPipeline.uexp" 42
"../../../Engine/Plugins/Interchange/Runtime/Content/Pipelines/DefaultMaterialPipeline.uasset" 43
"../../../Engine/Plugins/Interchange/Runtime/Content/Pipelines/DefaultMaterialPipeline.uexp" 44
"../../../Engine/Plugins/Interchange/Runtime/Content/Pipelines/DefaultMaterialXPipeline.uasset" 45
"../../../Engine/Plugins/Interchange/Runtime/Content/Pipelines/DefaultMaterialXPipeline.uexp" 46
"../../../Engine/Plugins/Interchange/Runtime/Content/Pipelines/DefaultSceneAssetsPipeline.uasset" 47
"../../../Engine/Plugins/Interchange/Runtime/Content/Pipelines/DefaultSceneAssetsPipeline.uexp" 48
"../../../Engine/Plugins/Interchange/Runtime/Content/Pipelines/DefaultSceneLevelPipeline.uasset" 49
"../../../Engine/Plugins/Interchange/Runtime/Content/Pipelines/DefaultSceneLevelPipeline.uexp" 50
"../../../Engine/Plugins/Interchange/Runtime/Content/Pipelines/DefaultTexturePipeline.uasset" 51
"../../../Engine/Plugins/Interchange/Runtime/Content/Pipelines/DefaultTexturePipeline.uexp" 52
"../../../Engine/Plugins/Interchange/Assets/Content/Functions/MX_TranslucentBSDF.uasset" 53
"../../../Engine/Plugins/Interchange/Assets/Content/Functions/MX_TranslucentBSDF.uexp" 54
"../../../Engine/Plugins/NNE/NNEDenoiser/Content/NNE_oidn2-3-0_rt_hdr_alb_nrm__dyn__fp16_opset11_DenoiseAlpha.uasset" 55
"../../../Engine/Plugins/NNE/NNEDenoiser/Content/NNE_oidn2-3-0_rt_hdr_alb_nrm__dyn__fp16_opset11_DenoiseAlpha.uexp" 56
"../../../Engine/Plugins/NNE/NNEDenoiser/Content/NNE_oidn2-3-0_rt_hdr_alb_nrm__dyn__fp16_opset11_ForwardAlpha.uasset" 57
"../../../Engine/Plugins/NNE/NNEDenoiser/Content/NNE_oidn2-3-0_rt_hdr_alb_nrm__dyn__fp16_opset11_ForwardAlpha.uexp" 58
"../../../Engine/Plugins/NNE/NNEDenoiser/Content/NNE_oidn2-3-0_rt_hdr_calb_cnrm_large__dyn__fp16_opset11_DenoiseAlpha.uasset" 59
"../../../Engine/Plugins/NNE/NNEDenoiser/Content/NNE_oidn2-3-0_rt_hdr_calb_cnrm_large__dyn__fp16_opset11_DenoiseAlpha.uexp" 60
"../../../Engine/Plugins/NNE/NNEDenoiser/Content/NNE_oidn2-3-0_rt_hdr_calb_cnrm_large__dyn__fp16_opset11_ForwardAlpha.uasset" 61
"../../../Engine/Plugins/NNE/NNEDenoiser/Content/NNE_oidn2-3-0_rt_hdr_calb_cnrm_large__dyn__fp16_opset11_ForwardAlpha.uexp" 62
"../../../Engine/Plugins/Interchange/Assets/Content/Functions/MX_UniformEDF.uasset" 63
"../../../Engine/Plugins/Interchange/Assets/Content/Functions/MX_UniformEDF.uexp" 64
"../../../Engine/Plugins/Interchange/Assets/Content/Functions/MX_UsdPreviewSurface.uasset" 65
"../../../Engine/Plugins/Interchange/Assets/Content/Functions/MX_UsdPreviewSurface.uexp" 66
"../../../Engine/Content/BasicShapes/BasicShapeMaterial.uasset" 67
"../../../Engine/Content/BasicShapes/BasicShapeMaterial.uexp" 68
"../../../Engine/Content/EngineDebugMaterials/M_SimpleUnlitTranslucent.uasset" 69
"../../../Engine/Content/EngineDebugMaterials/M_SimpleUnlitTranslucent.uexp" 70
"../../../Engine/Content/Functions/Engine_MaterialFunctions02/Utility/CameraDirectionVector.uasset" 71
"../../../Engine/Content/Functions/Engine_MaterialFunctions02/Utility/CameraDirectionVector.uexp" 72
"../../../Engine/Content/EngineDebugMaterials/VolumeToRender.uasset" 73
"../../../Engine/Content/EngineDebugMaterials/VolumeToRender.uexp" 74
"../../../Engine/Content/EngineDebugMaterials/M_VolumeRenderSphereTracePP.uasset" 75
"../../../Engine/Content/EngineDebugMaterials/M_VolumeRenderSphereTracePP.uexp" 76
"../../../Engine/Content/EngineMaterials/T_Default_Material_Grid_M.ubulk" 77
"../../../Engine/Content/EngineMaterials/T_Default_Material_Grid_M.uasset" 78
"../../../Engine/Content/EngineMaterials/T_Default_Material_Grid_M.uexp" 79
"../../../Engine/Content/EngineMaterials/T_Default_Material_Grid_N.ubulk" 80
"../../../Engine/Content/EngineMaterials/T_Default_Material_Grid_N.uasset" 81
"../../../Engine/Content/EngineMaterials/T_Default_Material_Grid_N.uexp" 82
"../../../Engine/Content/Functions/Engine_MaterialFunctions01/Opacity/CameraDepthFade.uasset" 83
"../../../Engine/Content/Functions/Engine_MaterialFunctions01/Opacity/CameraDepthFade.uexp" 84
"../../../Engine/Content/EngineMaterials/DefaultMaterial.uasset" 85
"../../../Engine/Content/EngineMaterials/DefaultMaterial.uexp" 86
"../../../Engine/Content/BasicShapes/Cone.ubulk" 87
"../../../Engine/Content/BasicShapes/Cone.uasset" 88
"../../../Engine/Content/BasicShapes/Cone.uexp" 89
"../../../Engine/Content/EngineMaterials/WorldGridMaterial.uasset" 90
"../../../Engine/Content/EngineMaterials/WorldGridMaterial.uexp" 91
"../../../Engine/Content/BasicShapes/Cube.ubulk" 92
"../../../Engine/Content/BasicShapes/Cube.uasset" 93
"../../../Engine/Content/BasicShapes/Cube.uexp" 94
"../../../Engine/Content/BasicShapes/Cylinder.ubulk" 95
"../../../Engine/Content/BasicShapes/Cylinder.uasset" 96
"../../../Engine/Content/BasicShapes/Cylinder.uexp" 97
"../../../Engine/Content/BasicShapes/Plane.ubulk" 98
"../../../Engine/Content/BasicShapes/Plane.uasset" 99
"../../../Engine/Content/BasicShapes/Plane.uexp" 100
"../../../Engine/Content/BasicShapes/Sphere.ubulk" 101
"../../../Engine/Content/BasicShapes/Sphere.uasset" 102
"../../../Engine/Content/BasicShapes/Sphere.uexp" 103
"../../../Engine/Content/MobileResources/HUD/VirtualJoystick_Background.uasset" 104
"../../../Engine/Content/MobileResources/HUD/VirtualJoystick_Background.uexp" 105
"../../../Engine/Content/MobileResources/HUD/VirtualJoystick_Thumb.uasset" 106
"../../../Engine/Content/MobileResources/HUD/VirtualJoystick_Thumb.uexp" 107
"../../../Engine/Content/MobileResources/HUD/DefaultVirtualJoysticks.uasset" 108
"../../../Engine/Content/MobileResources/HUD/DefaultVirtualJoysticks.uexp" 109
"../../../Engine/Content/Functions/Engine_MaterialFunctions02/Utility/VectorLength.uasset" 110
"../../../Engine/Content/Functions/Engine_MaterialFunctions02/Utility/VectorLength.uexp" 111
"../../../Engine/Plugins/Experimental/MeshModelingToolsetExp/Content/Materials/GetDisplacementVectorForDepthBias.uasset" 112
"../../../Engine/Plugins/Experimental/MeshModelingToolsetExp/Content/Materials/GetDisplacementVectorForDepthBias.uexp" 113
"../../../Engine/Content/Functions/Engine_MaterialFunctions03/Viewport/MF_OrthoWidth.uasset" 114
"../../../Engine/Content/Functions/Engine_MaterialFunctions03/Viewport/MF_OrthoWidth.uexp" 115
"../../../Engine/Content/Functions/Engine_MaterialFunctions02/Utility/FOV.uasset" 116
"../../../Engine/Content/Functions/Engine_MaterialFunctions02/Utility/FOV.uexp" 117
"../../../Engine/Content/Functions/Engine_MaterialFunctions02/WorldPositionOffset/V2/ObjectScale.uasset" 118
"../../../Engine/Content/Functions/Engine_MaterialFunctions02/WorldPositionOffset/V2/ObjectScale.uexp" 119
"../../../Engine/Plugins/Experimental/MeshModelingToolsetExp/Content/Materials/PointSetOverlaidComponentMaterial.uasset" 120
"../../../Engine/Plugins/Experimental/MeshModelingToolsetExp/Content/Materials/PointSetOverlaidComponentMaterial.uexp" 121
"../../../Engine/Plugins/Interchange/Assets/Content/Substrate/MX_SimpleVolume.uasset" 122
"../../../Engine/Plugins/Interchange/Assets/Content/Substrate/MX_SimpleVolume.uexp" 123
"../../../Engine/Content/EditorLandscapeResources/DefaultAlphaTexture.uasset" 124
"../../../Engine/Content/EditorLandscapeResources/DefaultAlphaTexture.uexp" 125
"../../../Engine/Content/EditorLandscapeResources/ColorMaskBrushMaterial.uasset" 126
"../../../Engine/Content/EditorLandscapeResources/ColorMaskBrushMaterial.uexp" 127
"../../../Engine/Content/EditorLandscapeResources/ColorMaskBrushMaterial_MaskedRegion.uasset" 128
"../../../Engine/Content/EditorLandscapeResources/ColorMaskBrushMaterial_MaskedRegion.uexp" 129
"../../../Engine/Content/EditorLandscapeResources/LandscapeDirtyMaterial.uasset" 130
"../../../Engine/Content/EditorLandscapeResources/LandscapeDirtyMaterial.uexp" 131
"../../../Engine/Content/EngineMaterials/DefaultBloomKernel.uasset" 132
"../../../Engine/Content/EngineMaterials/DefaultBloomKernel.uexp" 133
"../../../Engine/Content/EngineMaterials/DefaultBokeh.uasset" 134
"../../../Engine/Content/EngineMaterials/DefaultBokeh.uexp" 135
"../../../Engine/Content/EngineMaterials/DefaultDiffuse.ubulk" 136
"../../../Engine/Content/EngineMaterials/DefaultDiffuse.uasset" 137
"../../../Engine/Content/EngineMaterials/DefaultDiffuse.uexp" 138
"../../../Engine/Content/Functions/Engine_MaterialFunctions01/Texturing/TextureCropping.uasset" 139
"../../../Engine/Content/Functions/Engine_MaterialFunctions01/Texturing/TextureCropping.uexp" 140
"../../../Engine/Content/Functions/Engine_MaterialFunctions02/ExampleContent/DebugNumberStrip.uasset" 141
"../../../Engine/Content/Functions/Engine_MaterialFunctions02/ExampleContent/DebugNumberStrip.uexp" 142
"../../../Engine/Content/Functions/Engine_MaterialFunctions01/Debug/DebugIntValues.uasset" 143
"../../../Engine/Content/Functions/Engine_MaterialFunctions01/Debug/DebugIntValues.uexp" 144
"../../../Engine/Content/Functions/Engine_MaterialFunctions02/Utility/BreakOutFloat2Components.uasset" 145
"../../../Engine/Content/Functions/Engine_MaterialFunctions02/Utility/BreakOutFloat2Components.uexp" 146
"../../../Engine/Content/Functions/Engine_MaterialFunctions01/Texturing/ScaleUVsByCenter.uasset" 147
"../../../Engine/Content/Functions/Engine_MaterialFunctions01/Texturing/ScaleUVsByCenter.uexp" 148
"../../../Engine/Content/Functions/Engine_MaterialFunctions02/WorldPositionOffset/LocalPosition.uasset" 149
"../../../Engine/Content/Functions/Engine_MaterialFunctions02/WorldPositionOffset/LocalPosition.uexp" 150
"../../../Engine/Content/EditorLandscapeResources/LandscapeLayerUsageMaterial.uasset" 151
"../../../Engine/Content/EditorLandscapeResources/LandscapeLayerUsageMaterial.uexp" 152
"../../../Engine/Content/EditorMaterials/ParticleSystems/PSysThumbnail_NoImage.ubulk" 153
"../../../Engine/Content/EditorMaterials/ParticleSystems/PSysThumbnail_NoImage.uasset" 154
"../../../Engine/Content/EditorMaterials/ParticleSystems/PSysThumbnail_NoImage.uexp" 155
"../../../Engine/Content/EditorMaterials/ParticleSystems/PSysThumbnail_OOD.ubulk" 156
"../../../Engine/Content/EditorMaterials/ParticleSystems/PSysThumbnail_OOD.uasset" 157
"../../../Engine/Content/EditorMaterials/ParticleSystems/PSysThumbnail_OOD.uexp" 158
"../../../Engine/Content/EngineMaterials/DefaultDeferredDecalMaterial.uasset" 159
"../../../Engine/Content/EngineMaterials/DefaultDeferredDecalMaterial.uexp" 160
"../../../Engine/Content/EditorLandscapeResources/WhiteSquareTexture.uasset" 161
"../../../Engine/Content/EditorLandscapeResources/WhiteSquareTexture.uexp" 162
"../../../Engine/Content/EditorLandscapeResources/LayerVisMaterial.uasset" 163
"../../../Engine/Content/EditorLandscapeResources/LayerVisMaterial.uexp" 164
"../../../Engine/Content/EngineMaterials/DefaultLightFunctionMaterial.uasset" 165
"../../../Engine/Content/EngineMaterials/DefaultLightFunctionMaterial.uexp" 166
"../../../Engine/Content/Functions/Engine_MaterialFunctions02/Utility/MakeFloat3.uasset" 167
"../../../Engine/Content/Functions/Engine_MaterialFunctions02/Utility/MakeFloat3.uexp" 168
"../../../Engine/Content/Functions/Engine_MaterialFunctions03/Math/WithinRangeFloat2.uasset" 169
"../../../Engine/Content/Functions/Engine_MaterialFunctions03/Math/WithinRangeFloat2.uexp" 170
"../../../Engine/Content/EditorLandscapeResources/MaskBrushMaterial.uasset" 171
"../../../Engine/Content/EditorLandscapeResources/MaskBrushMaterial.uexp" 172
"../../../Engine/Content/EditorLandscapeResources/MaskBrushMaterial_MaskedRegion.uasset" 173
"../../../Engine/Content/EditorLandscapeResources/MaskBrushMaterial_MaskedRegion.uexp" 174
"../../../Engine/Content/EngineMaterials/DefaultPostProcessMaterial.uasset" 175
"../../../Engine/Content/EngineMaterials/DefaultPostProcessMaterial.uexp" 176
"../../../Engine/Content/EditorLandscapeResources/SelectBrushMaterial.uasset" 177
"../../../Engine/Content/EditorLandscapeResources/SelectBrushMaterial.uexp" 178
"../../../Engine/Content/EditorLandscapeResources/SelectBrushMaterial_Selected.uasset" 179
"../../../Engine/Content/EditorLandscapeResources/SelectBrushMaterial_Selected.uexp" 180
"../../../Engine/Content/EditorLandscapeResources/SelectBrushMaterial_SelectedRegion.uasset" 181
"../../../Engine/Content/EditorLandscapeResources/SelectBrushMaterial_SelectedRegion.uexp" 182
"../../../Engine/Content/EngineFonts/RobotoDistanceField.uasset" 183
"../../../Engine/Content/EngineFonts/RobotoDistanceField.uexp" 184
"../../../Engine/Content/EngineMaterials/DefaultTextMaterialOpaque.uasset" 185
"../../../Engine/Content/EngineMaterials/DefaultTextMaterialOpaque.uexp" 186
"../../../Engine/Content/EditorLandscapeResources/SplineEditorMeshMat.uasset" 187
"../../../Engine/Content/EditorLandscapeResources/SplineEditorMeshMat.uexp" 188
"../../../Engine/Content/EditorLandscapeResources/SplineEditorMesh.ubulk" 189
"../../../Engine/Content/EditorLandscapeResources/SplineEditorMesh.uasset" 190
"../../../Engine/Content/EditorLandscapeResources/SplineEditorMesh.uexp" 191
"../../../Engine/Content/EngineMaterials/DefaultWhiteGrid.ubulk" 192
"../../../Engine/Content/EngineMaterials/DefaultWhiteGrid.uasset" 193
"../../../Engine/Content/EngineMaterials/DefaultWhiteGrid.uexp" 194
"../../../Engine/Content/EditorMaterials/Camera/CineMat.uasset" 195
"../../../Engine/Content/EditorMaterials/Camera/CineMat.uexp" 196
"../../../Engine/Content/EditorMaterials/Camera/MI_CineMat_Rig.uasset" 197
"../../../Engine/Content/EditorMaterials/Camera/MI_CineMat_Rig.uexp" 198
"../../../Engine/Content/EditorMeshes/Camera/SM_CraneRig_Arm.ubulk" 199
"../../../Engine/Content/EditorMeshes/Camera/SM_CraneRig_Arm.uasset" 200
"../../../Engine/Content/EditorMeshes/Camera/SM_CraneRig_Arm.uexp" 201
"../../../Engine/Content/EngineMaterials/DefaultWhiteGrid_Low.uasset" 202
"../../../Engine/Content/EngineMaterials/DefaultWhiteGrid_Low.uexp" 203
"../../../Engine/Content/EngineMaterials/EmissiveMeshMaterial.uasset" 204
"../../../Engine/Content/EngineMaterials/EmissiveMeshMaterial.uexp" 205
"../../../Engine/Content/EditorMeshes/Camera/SM_CraneRig_Base.ubulk" 206
"../../../Engine/Content/EditorMeshes/Camera/SM_CraneRig_Base.uasset" 207
"../../../Engine/Content/EditorMeshes/Camera/SM_CraneRig_Base.uexp" 208
"../../../Engine/Content/EditorMeshes/Camera/SM_CraneRig_Body.ubulk" 209
"../../../Engine/Content/EditorMeshes/Camera/SM_CraneRig_Body.uasset" 210
"../../../Engine/Content/EditorMeshes/Camera/SM_CraneRig_Body.uexp" 211
"../../../Engine/Content/EngineMaterials/FastBlueNoise_scalar_128x128x64.uasset" 212
"../../../Engine/Content/EngineMaterials/FastBlueNoise_scalar_128x128x64.uexp" 213
"../../../Engine/Content/EditorMeshes/Camera/SM_CraneRig_Mount.ubulk" 214
"../../../Engine/Content/EditorMeshes/Camera/SM_CraneRig_Mount.uasset" 215
"../../../Engine/Content/EditorMeshes/Camera/SM_CraneRig_Mount.uexp" 216
"../../../Engine/Content/EngineMaterials/FastBlueNoise_scalar_128x128x8.uasset" 217
"../../../Engine/Content/EngineMaterials/FastBlueNoise_scalar_128x128x8.uexp" 218
"../../../Engine/Content/EditorMeshes/Camera/SM_RailRig_Mount.ubulk" 219
"../../../Engine/Content/EditorMeshes/Camera/SM_RailRig_Mount.uasset" 220
"../../../Engine/Content/EditorMeshes/Camera/SM_RailRig_Mount.uexp" 221
"../../../Engine/Content/EngineMaterials/FastBlueNoise_vec2_128x128x64.uasset" 222
"../../../Engine/Content/EngineMaterials/FastBlueNoise_vec2_128x128x64.uexp" 223
"../../../Engine/Content/EditorMeshes/Camera/SM_RailRig_Track.ubulk" 224
"../../../Engine/Content/EditorMeshes/Camera/SM_RailRig_Track.uasset" 225
"../../../Engine/Content/EditorMeshes/Camera/SM_RailRig_Track.uexp" 226
"../../../Engine/Content/EngineMaterials/BaseFlattenDiffuseMap.uasset" 227
"../../../Engine/Content/EngineMaterials/BaseFlattenDiffuseMap.uexp" 228
"../../../Engine/Content/EngineMaterials/BaseFlattenEmissiveMap.uasset" 229
"../../../Engine/Content/EngineMaterials/BaseFlattenEmissiveMap.uexp" 230
"../../../Engine/Content/EngineMaterials/BaseFlattenGrayscaleMap.uasset" 231
"../../../Engine/Content/EngineMaterials/BaseFlattenGrayscaleMap.uexp" 232
"../../../Engine/Content/EngineMaterials/BaseFlattenLinearColor.uasset" 233
"../../../Engine/Content/EngineMaterials/BaseFlattenLinearColor.uexp" 234
"../../../Engine/Content/EngineMaterials/BaseFlattenNormalMap.uasset" 235
"../../../Engine/Content/EngineMaterials/BaseFlattenNormalMap.uexp" 236
"../../../Engine/Content/Functions/Engine_MaterialFunctions02/PivotPainter2/Black_1x1_EXR_Texture.uasset" 237
"../../../Engine/Content/Functions/Engine_MaterialFunctions02/PivotPainter2/Black_1x1_EXR_Texture.uexp" 238
"../../../Engine/Content/EngineMaterials/FlattenMaterial.uasset" 239
"../../../Engine/Content/EngineMaterials/FlattenMaterial.uexp" 240
"../../../Engine/Content/EngineMaterials/BaseFlattenDiffuseMap_VT.ubulk" 241
"../../../Engine/Content/EngineMaterials/BaseFlattenDiffuseMap_VT.uasset" 242
"../../../Engine/Content/EngineMaterials/BaseFlattenDiffuseMap_VT.uexp" 243
"../../../Engine/Content/EngineMaterials/BaseFlattenEmissiveMap_VT.ubulk" 244
"../../../Engine/Content/EngineMaterials/BaseFlattenEmissiveMap_VT.uasset" 245
"../../../Engine/Content/EngineMaterials/BaseFlattenEmissiveMap_VT.uexp" 246
"../../../Engine/Content/EngineMaterials/BaseFlattenGrayscaleMap_VT.ubulk" 247
"../../../Engine/Content/EngineMaterials/BaseFlattenGrayscaleMap_VT.uasset" 248
"../../../Engine/Content/EngineMaterials/BaseFlattenGrayscaleMap_VT.uexp" 249
"../../../Engine/Content/EngineMaterials/BaseFlattenLinearColor_VT.ubulk" 250
"../../../Engine/Content/EngineMaterials/BaseFlattenLinearColor_VT.uasset" 251
"../../../Engine/Content/EngineMaterials/BaseFlattenLinearColor_VT.uexp" 252
"../../../Engine/Content/EngineMaterials/BaseFlattenNormalMap_VT.ubulk" 253
"../../../Engine/Content/EngineMaterials/BaseFlattenNormalMap_VT.uasset" 254
"../../../Engine/Content/EngineMaterials/BaseFlattenNormalMap_VT.uexp" 255
"../../../Engine/Content/EngineMaterials/Black_1x1_EXR_Texture_VT.ubulk" 256
"../../../Engine/Content/EngineMaterials/Black_1x1_EXR_Texture_VT.uasset" 257
"../../../Engine/Content/EngineMaterials/Black_1x1_EXR_Texture_VT.uexp" 258
"../../../Engine/Content/EngineMaterials/FlattenMaterial_VT.uasset" 259
"../../../Engine/Content/EngineMaterials/FlattenMaterial_VT.uexp" 260
"../../../Engine/Content/EngineMaterials/FlattenMaterial_WS_Normal_VT.uasset" 261
"../../../Engine/Content/EngineMaterials/FlattenMaterial_WS_Normal_VT.uexp" 262
"../../../Engine/Content/EngineMaterials/GizmoMaterial.uasset" 263
"../../../Engine/Content/EngineMaterials/GizmoMaterial.uexp" 264
"../../../Engine/Plugins/Runtime/AudioWidgets/Content/Resources/ScrubHandleDown_Clamped.uasset" 265
"../../../Engine/Plugins/Runtime/AudioWidgets/Content/Resources/ScrubHandleDown_Clamped.uexp" 266
"../../../Engine/Content/EngineMaterials/MiniFont.uasset" 267
"../../../Engine/Content/EngineMaterials/MiniFont.uexp" 268
"../../../Engine/Content/EngineMaterials/InvalidLightmapSettings.ubulk" 269
"../../../Engine/Content/EngineMaterials/InvalidLightmapSettings.uasset" 270
"../../../Engine/Content/EngineMaterials/InvalidLightmapSettings.uexp" 271
"../../../Engine/Content/EngineMaterials/M_InvalidLightmapSettings.uasset" 272
"../../../Engine/Content/EngineMaterials/M_InvalidLightmapSettings.uexp" 273
"../../../Engine/Content/EngineMaterials/NaniteHiddenSectionMaterial.uasset" 274
"../../../Engine/Content/EngineMaterials/NaniteHiddenSectionMaterial.uexp" 275
"../../../Engine/Content/Functions/Engine_MaterialFunctions02/WorldPositionOffset/CameraOffset.uasset" 276
"../../../Engine/Content/Functions/Engine_MaterialFunctions02/WorldPositionOffset/CameraOffset.uexp" 277
"../../../Engine/Content/EngineMaterials/PhAT_JointLimitMaterial.uasset" 278
"../../../Engine/Content/EngineMaterials/PhAT_JointLimitMaterial.uexp" 279
"../../../Engine/Content/EngineMaterials/DefaultCalibrationColor.uasset" 280
"../../../Engine/Content/EngineMaterials/DefaultCalibrationColor.uexp" 281
"../../../Engine/Content/EngineMaterials/PPM_DefaultCalibrationColor.uasset" 282
"../../../Engine/Content/EngineMaterials/PPM_DefaultCalibrationColor.uexp" 283
"../../../Engine/Content/EngineMaterials/DefaultCalibrationGrayscale.uasset" 284
"../../../Engine/Content/EngineMaterials/DefaultCalibrationGrayscale.uexp" 285
"../../../Engine/Content/EngineMaterials/PPM_DefaultCalibrationGrayscale.uasset" 286
"../../../Engine/Content/EngineMaterials/PPM_DefaultCalibrationGrayscale.uexp" 287
"../../../Engine/Content/EngineMaterials/PreintegratedSkinBRDF.uasset" 288
"../../../Engine/Content/EngineMaterials/PreintegratedSkinBRDF.uexp" 289
"../../../Engine/Content/EngineMaterials/RemoveSurfaceMaterial.uasset" 290
"../../../Engine/Content/EngineMaterials/RemoveSurfaceMaterial.uexp" 291
"../../../Engine/Content/EngineMaterials/SMAAAreaTex.uasset" 292
"../../../Engine/Content/EngineMaterials/SMAAAreaTex.uexp" 293
"../../../Engine/Content/EngineMaterials/SMAASearchTex.uasset" 294
"../../../Engine/Content/EngineMaterials/SMAASearchTex.uexp" 295
"../../../Engine/Content/EditorResources/SequenceRecorder/Countdown.uasset" 296
"../../../Engine/Content/EditorResources/SequenceRecorder/Countdown.uexp" 297
"../../../Engine/Content/EditorResources/SequenceRecorder/RecordingIndicator.uasset" 298
"../../../Engine/Content/EditorResources/SequenceRecorder/RecordingIndicator.uexp" 299
"../../../Engine/Plugins/Animation/DeformerGraph/Content/DeformerFunctions/DG_Function_LinearBlendSkin_Morph_Cloth.uasset" 300
"../../../Engine/Plugins/Animation/DeformerGraph/Content/DeformerFunctions/DG_Function_LinearBlendSkin_Morph_Cloth.uexp" 301
"../../../Engine/Plugins/Animation/DeformerGraph/Content/Deformers/DG_LinearBlendSkin_Morph_Cloth.uasset" 302
"../../../Engine/Plugins/Animation/DeformerGraph/Content/Deformers/DG_LinearBlendSkin_Morph_Cloth.uexp" 303
"../../../Engine/Plugins/Animation/DeformerGraph/Content/DeformerFunctions/DG_Function_ComputeNormalsTangents.uasset" 304
"../../../Engine/Plugins/Animation/DeformerGraph/Content/DeformerFunctions/DG_Function_ComputeNormalsTangents.uexp" 305
"../../../Engine/Plugins/Animation/DeformerGraph/Content/DeformerFunctions/DG_Function_LinearBlendSkin_Morph_Cloth_PositionOnly.uasset" 306
"../../../Engine/Plugins/Animation/DeformerGraph/Content/DeformerFunctions/DG_Function_LinearBlendSkin_Morph_Cloth_PositionOnly.uexp" 307
"../../../Engine/Plugins/Animation/DeformerGraph/Content/Deformers/DG_LinearBlendSkin_Morph_Cloth_RecomputeNormals.uasset" 308
"../../../Engine/Plugins/Animation/DeformerGraph/Content/Deformers/DG_LinearBlendSkin_Morph_Cloth_RecomputeNormals.uexp" 309
"../../../Engine/Content/Functions/Engine_MaterialFunctions02/WorldPositionOffset/ObjectScale.uasset" 310
"../../../Engine/Content/Functions/Engine_MaterialFunctions02/WorldPositionOffset/ObjectScale.uexp" 311
"../../../Engine/Content/Functions/Engine_MaterialFunctions02/Utility/BreakOutFloat3Components.uasset" 312
"../../../Engine/Content/Functions/Engine_MaterialFunctions02/Utility/BreakOutFloat3Components.uexp" 313
"../../../Engine/Plugins/Editor/SpeedTreeImporter/Content/SpeedTree9/Empty.uasset" 314
"../../../Engine/Plugins/Editor/SpeedTreeImporter/Content/SpeedTree9/Empty.uexp" 315
"../../../Engine/Plugins/Editor/SpeedTreeImporter/Content/SpeedTree9/EmptyNormal.uasset" 316
"../../../Engine/Plugins/Editor/SpeedTreeImporter/Content/SpeedTree9/EmptyNormal.uexp" 317
"../../../Engine/Plugins/Editor/SpeedTreeImporter/Content/SpeedTree9/game_wind_noise.ubulk" 318
"../../../Engine/Plugins/Editor/SpeedTreeImporter/Content/SpeedTree9/game_wind_noise.uasset" 319
"../../../Engine/Plugins/Editor/SpeedTreeImporter/Content/SpeedTree9/game_wind_noise.uexp" 320
"../../../Engine/Plugins/Editor/SpeedTreeImporter/Content/SpeedTree9/SpeedTreeBillboard.uasset" 321
"../../../Engine/Plugins/Editor/SpeedTreeImporter/Content/SpeedTree9/SpeedTreeBillboard.uexp" 322
"../../../Engine/Content/Functions/Engine_MaterialFunctions02/SafeNormalize.uasset" 323
"../../../Engine/Content/Functions/Engine_MaterialFunctions02/SafeNormalize.uexp" 324
"../../../Engine/Plugins/Editor/SpeedTreeImporter/Content/SpeedTree9/SpeedTreeWindMotion.uasset" 325
"../../../Engine/Plugins/Editor/SpeedTreeImporter/Content/SpeedTree9/SpeedTreeWindMotion.uexp" 326
"../../../Engine/Plugins/Editor/SpeedTreeImporter/Content/SpeedTree9/UnpackDirection.uasset" 327
"../../../Engine/Plugins/Editor/SpeedTreeImporter/Content/SpeedTree9/UnpackDirection.uexp" 328
"../../../Engine/Plugins/Editor/SpeedTreeImporter/Content/SpeedTree9/UnpackInteger3.uasset" 329
"../../../Engine/Plugins/Editor/SpeedTreeImporter/Content/SpeedTree9/UnpackInteger3.uexp" 330
"../../../Engine/Plugins/Editor/SpeedTreeImporter/Content/SpeedTree9/SpeedTreeBranchMotion.uasset" 331
"../../../Engine/Plugins/Editor/SpeedTreeImporter/Content/SpeedTree9/SpeedTreeBranchMotion.uexp" 332
"../../../Engine/Content/Functions/Engine_MaterialFunctions02/ObjectLocalBounds.uasset" 333
"../../../Engine/Content/Functions/Engine_MaterialFunctions02/ObjectLocalBounds.uexp" 334
"../../../Engine/Content/Functions/Engine_MaterialFunctions02/UVs/BoundingBoxBased_0-1_UVW.uasset" 335
"../../../Engine/Content/Functions/Engine_MaterialFunctions02/UVs/BoundingBoxBased_0-1_UVW.uexp" 336
"../../../Engine/Plugins/Editor/SpeedTreeImporter/Content/SpeedTree9/SpeedTreeWind.uasset" 337
"../../../Engine/Plugins/Editor/SpeedTreeImporter/Content/SpeedTree9/SpeedTreeWind.uexp" 338
"../../../Engine/Plugins/Editor/SpeedTreeImporter/Content/SpeedTree9/SpeedTreeBillboardMaster.uasset" 339
"../../../Engine/Plugins/Editor/SpeedTreeImporter/Content/SpeedTree9/SpeedTreeBillboardMaster.uexp" 340
"../../../Engine/Plugins/Editor/SpeedTreeImporter/Content/SpeedTree9/SpeedTreeCameraFacing.uasset" 341
"../../../Engine/Plugins/Editor/SpeedTreeImporter/Content/SpeedTree9/SpeedTreeCameraFacing.uexp" 342
"../../../Engine/Plugins/Editor/SpeedTreeImporter/Content/SpeedTree9/SpeedTreeMaster.uasset" 343
"../../../Engine/Plugins/Editor/SpeedTreeImporter/Content/SpeedTree9/SpeedTreeMaster.uexp" 344
"../../../Engine/Content/VREditor/LaserPointer/VR_LaserPower_01.ubulk" 345
"../../../Engine/Content/VREditor/LaserPointer/VR_LaserPower_01.uasset" 346
"../../../Engine/Content/VREditor/LaserPointer/VR_LaserPower_01.uexp" 347
"../../../Engine/Content/VREditor/TransformGizmo/TransformGizmoMaterial.uasset" 348
"../../../Engine/Content/VREditor/TransformGizmo/TransformGizmoMaterial.uexp" 349
"../../../Engine/Content/VREditor/TransformGizmo/TranslucentTransformGizmoMaterial.uasset" 350
"../../../Engine/Content/VREditor/TransformGizmo/TranslucentTransformGizmoMaterial.uexp" 351
"../../../Engine/Content/VREditor/TransformGizmo/BoundingBoxCorner.ubulk" 352
"../../../Engine/Content/VREditor/TransformGizmo/BoundingBoxCorner.uasset" 353
"../../../Engine/Content/VREditor/TransformGizmo/BoundingBoxCorner.uexp" 354
"../../../Engine/Content/VREditor/TransformGizmo/BoundingBoxEdge.ubulk" 355
"../../../Engine/Content/VREditor/TransformGizmo/BoundingBoxEdge.uasset" 356
"../../../Engine/Content/VREditor/TransformGizmo/BoundingBoxEdge.uexp" 357
"../../../Engine/Content/ArtTools/RenderToTexture/Meshes/S_1_Unit_Plane.ubulk" 358
"../../../Engine/Content/ArtTools/RenderToTexture/Meshes/S_1_Unit_Plane.uasset" 359
"../../../Engine/Content/ArtTools/RenderToTexture/Meshes/S_1_Unit_Plane.uexp" 360
"../../../Engine/Content/Functions/Engine_MaterialFunctions01/Texturing/FlattenNormal.uasset" 361
"../../../Engine/Content/Functions/Engine_MaterialFunctions01/Texturing/FlattenNormal.uexp" 362
"../../../Engine/Content/Functions/Engine_MaterialFunctions02/Math/Transform3x3Matrix.uasset" 363
"../../../Engine/Content/Functions/Engine_MaterialFunctions02/Math/Transform3x3Matrix.uexp" 364
"../../../Engine/Plugins/Interchange/Assets/Content/Utilities/New_LUT.uasset" 365
"../../../Engine/Plugins/Interchange/Assets/Content/Utilities/New_LUT.uexp" 366
"../../../Engine/Content/Functions/Engine_MaterialFunctions03/Math/RemapValueRange.uasset" 367
"../../../Engine/Content/Functions/Engine_MaterialFunctions03/Math/RemapValueRange.uexp" 368
"../../../Engine/Plugins/Interchange/Assets/Content/Functions/MF_Iridescence.uasset" 369
"../../../Engine/Plugins/Interchange/Assets/Content/Functions/MF_Iridescence.uexp" 370
"../../../Engine/Plugins/Interchange/Assets/Content/gltf/Textures/T_White_srgb.uasset" 371
"../../../Engine/Plugins/Interchange/Assets/Content/gltf/Textures/T_White_srgb.uexp" 372
"../../../Engine/Plugins/Interchange/Assets/Content/gltf/MaterialFunctions/MF_BaseColor.uasset" 373
"../../../Engine/Plugins/Interchange/Assets/Content/gltf/MaterialFunctions/MF_BaseColor.uexp" 374
"../../../Engine/Plugins/Interchange/Assets/Content/gltf/MaterialFunctions/MF_RotateNormals_TS.uasset" 375
"../../../Engine/Plugins/Interchange/Assets/Content/gltf/MaterialFunctions/MF_RotateNormals_TS.uexp" 376
"../../../Engine/Plugins/Interchange/Assets/Content/gltf/Textures/T_Generic_N.uasset" 377
"../../../Engine/Plugins/Interchange/Assets/Content/gltf/Textures/T_Generic_N.uexp" 378
"../../../Engine/Plugins/Interchange/Assets/Content/gltf/Textures/T_White_Linear.uasset" 379
"../../../Engine/Plugins/Interchange/Assets/Content/gltf/Textures/T_White_Linear.uexp" 380
"../../../Engine/Plugins/Interchange/Assets/Content/gltf/MaterialFunctions/MF_Clearcoat.uasset" 381
"../../../Engine/Plugins/Interchange/Assets/Content/gltf/MaterialFunctions/MF_Clearcoat.uexp" 382
"../../../Engine/Plugins/Interchange/Assets/Content/gltf/MaterialFunctions/MF_Emissive.uasset" 383
"../../../Engine/Plugins/Interchange/Assets/Content/gltf/MaterialFunctions/MF_Emissive.uexp" 384
"../../../Engine/Plugins/Interchange/Assets/Content/gltf/MaterialFunctions/MF_IOR.uasset" 385
"../../../Engine/Plugins/Interchange/Assets/Content/gltf/MaterialFunctions/MF_IOR.uexp" 386
"../../../Engine/Plugins/Interchange/Assets/Content/Functions/MF_IridescenceNoLUT.uasset" 387
"../../../Engine/Plugins/Interchange/Assets/Content/Functions/MF_IridescenceNoLUT.uexp" 388
"../../../Engine/Plugins/Interchange/Assets/Content/gltf/MaterialFunctions/MF_Iridescence.uasset" 389
"../../../Engine/Plugins/Interchange/Assets/Content/gltf/MaterialFunctions/MF_Iridescence.uexp" 390
"../../../Engine/Plugins/Interchange/Assets/Content/gltf/MaterialFunctions/MF_MetallicRoughness.uasset" 391
"../../../Engine/Plugins/Interchange/Assets/Content/gltf/MaterialFunctions/MF_MetallicRoughness.uexp" 392
"../../../Engine/Plugins/Interchange/Assets/Content/gltf/MaterialFunctions/MF_ScaleNormal.uasset" 393
"../../../Engine/Plugins/Interchange/Assets/Content/gltf/MaterialFunctions/MF_ScaleNormal.uexp" 394
"../../../Engine/Plugins/Interchange/Assets/Content/gltf/MaterialFunctions/MF_Normals.uasset" 395
"../../../Engine/Plugins/Interchange/Assets/Content/gltf/MaterialFunctions/MF_Normals.uexp" 396
"../../../Engine/Plugins/Interchange/Assets/Content/gltf/MaterialFunctions/MF_Occlusion.uasset" 397
"../../../Engine/Plugins/Interchange/Assets/Content/gltf/MaterialFunctions/MF_Occlusion.uexp" 398
"../../../Engine/Plugins/Interchange/Assets/Content/gltf/MaterialFunctions/MF_Specular.uasset" 399
"../../../Engine/Plugins/Interchange/Assets/Content/gltf/MaterialFunctions/MF_Specular.uexp" 400
"../../../Engine/Plugins/Interchange/Assets/Content/gltf/Textures/T_Anisotropy_Direction_Linear.uasset" 401
"../../../Engine/Plugins/Interchange/Assets/Content/gltf/Textures/T_Anisotropy_Direction_Linear.uexp" 402
"../../../Engine/Plugins/Interchange/Assets/Content/gltf/MaterialFunctions/MF_SpecularAnisotropy.uasset" 403
"../../../Engine/Plugins/Interchange/Assets/Content/gltf/MaterialFunctions/MF_SpecularAnisotropy.uexp" 404
"../../../Engine/Plugins/Interchange/Assets/Content/gltf/MaterialFunctions/MF_RotateV2.uasset" 405
"../../../Engine/Plugins/Interchange/Assets/Content/gltf/MaterialFunctions/MF_RotateV2.uexp" 406
"../../../Engine/Plugins/Interchange/Assets/Content/gltf/MaterialFunctions/MF_TransformUVs.uasset" 407
"../../../Engine/Plugins/Interchange/Assets/Content/gltf/MaterialFunctions/MF_TransformUVs.uexp" 408
"../../../Engine/Plugins/Interchange/Assets/Content/gltf/MaterialBodies/MF_ClearCoat_Body.uasset" 409
"../../../Engine/Plugins/Interchange/Assets/Content/gltf/MaterialBodies/MF_ClearCoat_Body.uexp" 410
"../../../Engine/Plugins/Interchange/Assets/Content/gltf/M_ClearCoat.uasset" 411
"../../../Engine/Plugins/Interchange/Assets/Content/gltf/M_ClearCoat.uexp" 412
"../../../Engine/Plugins/Interchange/Assets/Content/gltf/MaterialInstances/MI_ClearCoat_Blend.uasset" 413
"../../../Engine/Plugins/Interchange/Assets/Content/gltf/MaterialInstances/MI_ClearCoat_Blend.uexp" 414
"../../../Engine/Plugins/Interchange/Assets/Content/gltf/MaterialInstances/MI_ClearCoat_Blend_DS.uasset" 415
"../../../Engine/Plugins/Interchange/Assets/Content/gltf/MaterialInstances/MI_ClearCoat_Blend_DS.uexp" 416
"../../../Engine/Plugins/Interchange/Assets/Content/gltf/MaterialInstances/MI_ClearCoat_Mask.uasset" 417
"../../../Engine/Plugins/Interchange/Assets/Content/gltf/MaterialInstances/MI_ClearCoat_Mask.uexp" 418
"../../../Engine/Plugins/Interchange/Assets/Content/gltf/MaterialInstances/MI_ClearCoat_Mask_DS.uasset" 419
"../../../Engine/Plugins/Interchange/Assets/Content/gltf/MaterialInstances/MI_ClearCoat_Mask_DS.uexp" 420
"../../../Engine/Plugins/Interchange/Assets/Content/gltf/MaterialInstances/MI_ClearCoat_Opaque.uasset" 421
"../../../Engine/Plugins/Interchange/Assets/Content/gltf/MaterialInstances/MI_ClearCoat_Opaque.uexp" 422
"../../../Engine/Plugins/Interchange/Assets/Content/gltf/MaterialInstances/MI_ClearCoat_Opaque_DS.uasset" 423
"../../../Engine/Plugins/Interchange/Assets/Content/gltf/MaterialInstances/MI_ClearCoat_Opaque_DS.uexp" 424
"../../../Engine/Plugins/Interchange/Assets/Content/gltf/MaterialBodies/MF_Default_Body.uasset" 425
"../../../Engine/Plugins/Interchange/Assets/Content/gltf/MaterialBodies/MF_Default_Body.uexp" 426
"../../../Engine/Plugins/Interchange/Assets/Content/gltf/M_Default.uasset" 427
"../../../Engine/Plugins/Interchange/Assets/Content/gltf/M_Default.uexp" 428
"../../../Engine/Plugins/Interchange/Assets/Content/gltf/MaterialInstances/MI_Default_Blend.uasset" 429
"../../../Engine/Plugins/Interchange/Assets/Content/gltf/MaterialInstances/MI_Default_Blend.uexp" 430
"../../../Engine/Plugins/Interchange/Assets/Content/gltf/MaterialInstances/MI_Default_Blend_DS.uasset" 431
"../../../Engine/Plugins/Interchange/Assets/Content/gltf/MaterialInstances/MI_Default_Blend_DS.uexp" 432
"../../../Engine/Plugins/Interchange/Assets/Content/gltf/MaterialInstances/MI_Default_Mask.uasset" 433
"../../../Engine/Plugins/Interchange/Assets/Content/gltf/MaterialInstances/MI_Default_Mask.uexp" 434
"../../../Engine/Plugins/Interchange/Assets/Content/gltf/MaterialInstances/MI_Default_Mask_DS.uasset" 435
"../../../Engine/Plugins/Interchange/Assets/Content/gltf/MaterialInstances/MI_Default_Mask_DS.uexp" 436
"../../../Engine/Plugins/Interchange/Assets/Content/gltf/MaterialInstances/MI_Default_Opaque.uasset" 437
"../../../Engine/Plugins/Interchange/Assets/Content/gltf/MaterialInstances/MI_Default_Opaque.uexp" 438
"../../../Engine/Plugins/Interchange/Assets/Content/gltf/MaterialInstances/MI_Default_Opaque_DS.uasset" 439
"../../../Engine/Plugins/Interchange/Assets/Content/gltf/MaterialInstances/MI_Default_Opaque_DS.uexp" 440
"../../../Engine/Plugins/Interchange/Assets/Content/gltf/MaterialFunctions/MF_Sheen.uasset" 441
"../../../Engine/Plugins/Interchange/Assets/Content/gltf/MaterialFunctions/MF_Sheen.uexp" 442
"../../../Engine/Plugins/Interchange/Assets/Content/gltf/MaterialBodies/MF_Sheen_Body.uasset" 443
"../../../Engine/Plugins/Interchange/Assets/Content/gltf/MaterialBodies/MF_Sheen_Body.uexp" 444
"../../../Engine/Plugins/Interchange/Assets/Content/gltf/M_Sheen.uasset" 445
"../../../Engine/Plugins/Interchange/Assets/Content/gltf/M_Sheen.uexp" 446
"../../../Engine/Plugins/Interchange/Assets/Content/gltf/MaterialInstances/MI_Sheen_Blend.uasset" 447
"../../../Engine/Plugins/Interchange/Assets/Content/gltf/MaterialInstances/MI_Sheen_Blend.uexp" 448
"../../../Engine/Plugins/Interchange/Assets/Content/gltf/MaterialInstances/MI_Sheen_Blend_DS.uasset" 449
"../../../Engine/Plugins/Interchange/Assets/Content/gltf/MaterialInstances/MI_Sheen_Blend_DS.uexp" 450
"../../../Engine/Plugins/Interchange/Assets/Content/gltf/MaterialInstances/MI_Sheen_Mask.uasset" 451
"../../../Engine/Plugins/Interchange/Assets/Content/gltf/MaterialInstances/MI_Sheen_Mask.uexp" 452
"../../../Engine/Plugins/Interchange/Assets/Content/gltf/MaterialInstances/MI_Sheen_Mask_DS.uasset" 453
"../../../Engine/Plugins/Interchange/Assets/Content/gltf/MaterialInstances/MI_Sheen_Mask_DS.uexp" 454
"../../../Engine/Plugins/Interchange/Assets/Content/gltf/MaterialInstances/MI_Sheen_Opaque.uasset" 455
"../../../Engine/Plugins/Interchange/Assets/Content/gltf/MaterialInstances/MI_Sheen_Opaque.uexp" 456
"../../../Engine/Plugins/Interchange/Assets/Content/gltf/MaterialInstances/MI_Sheen_Opaque_DS.uasset" 457
"../../../Engine/Plugins/Interchange/Assets/Content/gltf/MaterialInstances/MI_Sheen_Opaque_DS.uexp" 458
"../../../Engine/Plugins/Interchange/Assets/Content/gltf/MaterialFunctions/MF_DiffuseSpecGloss.uasset" 459
"../../../Engine/Plugins/Interchange/Assets/Content/gltf/MaterialFunctions/MF_DiffuseSpecGloss.uexp" 460
"../../../Engine/Plugins/Interchange/Assets/Content/gltf/MaterialFunctions/MF_MaxComponentValue.uasset" 461
"../../../Engine/Plugins/Interchange/Assets/Content/gltf/MaterialFunctions/MF_MaxComponentValue.uexp" 462
"../../../Engine/Content/Functions/Engine_MaterialFunctions02/Math/AddComponents.uasset" 463
"../../../Engine/Content/Functions/Engine_MaterialFunctions02/Math/AddComponents.uexp" 464
"../../../Engine/Plugins/Interchange/Assets/Content/gltf/MaterialFunctions/MF_PerceivedBrightness.uasset" 465
"../../../Engine/Plugins/Interchange/Assets/Content/gltf/MaterialFunctions/MF_PerceivedBrightness.uexp" 466
"../../../Engine/Plugins/Interchange/Assets/Content/gltf/MaterialFunctions/MF_SpecGlossToMetalRoughness.uasset" 467
"../../../Engine/Plugins/Interchange/Assets/Content/gltf/MaterialFunctions/MF_SpecGlossToMetalRoughness.uexp" 468
"../../../Engine/Plugins/Interchange/Assets/Content/gltf/MaterialBodies/MF_SpecularGlossiness_Body.uasset" 469
"../../../Engine/Plugins/Interchange/Assets/Content/gltf/MaterialBodies/MF_SpecularGlossiness_Body.uexp" 470
"../../../Engine/Plugins/Interchange/Assets/Content/gltf/M_SpecularGlossiness.uasset" 471
"../../../Engine/Plugins/Interchange/Assets/Content/gltf/M_SpecularGlossiness.uexp" 472
"../../../Engine/Plugins/Interchange/Assets/Content/gltf/MaterialInstances/MI_SpecularGlossiness_Blend.uasset" 473
"../../../Engine/Plugins/Interchange/Assets/Content/gltf/MaterialInstances/MI_SpecularGlossiness_Blend.uexp" 474
"../../../Engine/Plugins/Interchange/Assets/Content/gltf/MaterialInstances/MI_SpecularGlossiness_Blend_DS.uasset" 475
"../../../Engine/Plugins/Interchange/Assets/Content/gltf/MaterialInstances/MI_SpecularGlossiness_Blend_DS.uexp" 476
"../../../Engine/Plugins/Interchange/Assets/Content/gltf/MaterialInstances/MI_SpecularGlossiness_Mask.uasset" 477
"../../../Engine/Plugins/Interchange/Assets/Content/gltf/MaterialInstances/MI_SpecularGlossiness_Mask.uexp" 478
"../../../Engine/Plugins/Interchange/Assets/Content/gltf/MaterialInstances/MI_SpecularGlossiness_Mask_DS.uasset" 479
"../../../Engine/Plugins/Interchange/Assets/Content/gltf/MaterialInstances/MI_SpecularGlossiness_Mask_DS.uexp" 480
"../../../Engine/Plugins/Interchange/Assets/Content/gltf/MaterialInstances/MI_SpecularGlossiness_Opaque.uasset" 481
"../../../Engine/Plugins/Interchange/Assets/Content/gltf/MaterialInstances/MI_SpecularGlossiness_Opaque.uexp" 482
"../../../Engine/Content/EngineMaterials/Substrate/GLints/AGlintTex2dArray.uasset" 483
"../../../Engine/Content/EngineMaterials/Substrate/GLints/AGlintTex2dArray.uexp" 484
"../../../Engine/Plugins/Interchange/Assets/Content/gltf/MaterialInstances/MI_SpecularGlossiness_Opaque_DS.uasset" 485
"../../../Engine/Plugins/Interchange/Assets/Content/gltf/MaterialInstances/MI_SpecularGlossiness_Opaque_DS.uexp" 486
"../../../Engine/Content/EngineMaterials/Good64x64TilingNoiseHighFreq.uasset" 487
"../../../Engine/Content/EngineMaterials/Good64x64TilingNoiseHighFreq.uexp" 488
"../../../Engine/Content/Functions/Engine_MaterialFunctions02/Texturing/ScreenAlignedPixelToPixelUVs.uasset" 489
"../../../Engine/Content/Functions/Engine_MaterialFunctions02/Texturing/ScreenAlignedPixelToPixelUVs.uexp" 490
"../../../Engine/Plugins/Interchange/Assets/Content/gltf/MaterialFunctions/MF_Fresnel_DS.uasset" 491
"../../../Engine/Plugins/Interchange/Assets/Content/gltf/MaterialFunctions/MF_Fresnel_DS.uexp" 492
"../../../Engine/Plugins/Interchange/Assets/Content/gltf/MaterialFunctions/MF_Temporal_Blur.uasset" 493
"../../../Engine/Plugins/Interchange/Assets/Content/gltf/MaterialFunctions/MF_Temporal_Blur.uexp" 494
"../../../Engine/Plugins/Interchange/Assets/Content/gltf/MaterialFunctions/MF_Transmission.uasset" 495
"../../../Engine/Plugins/Interchange/Assets/Content/gltf/MaterialFunctions/MF_Transmission.uexp" 496
"../../../Engine/Plugins/Interchange/Assets/Content/gltf/MaterialBodies/MF_Transmission_Body.uasset" 497
"../../../Engine/Plugins/Interchange/Assets/Content/gltf/MaterialBodies/MF_Transmission_Body.uexp" 498
"../../../Engine/Plugins/Interchange/Assets/Content/gltf/M_Transmission.uasset" 499
"../../../Engine/Plugins/Interchange/Assets/Content/gltf/M_Transmission.uexp" 500
"../../../Engine/Plugins/Interchange/Assets/Content/gltf/MaterialInstances/MI_Transmission.uasset" 501
"../../../Engine/Plugins/Interchange/Assets/Content/gltf/MaterialInstances/MI_Transmission.uexp" 502
"../../../Engine/Plugins/Interchange/Assets/Content/gltf/MaterialInstances/MI_Transmission_DS.uasset" 503
"../../../Engine/Plugins/Interchange/Assets/Content/gltf/MaterialInstances/MI_Transmission_DS.uexp" 504
"../../../Engine/Plugins/Interchange/Assets/Content/gltf/MaterialBodies/MF_Unlit_Body.uasset" 505
"../../../Engine/Plugins/Interchange/Assets/Content/gltf/MaterialBodies/MF_Unlit_Body.uexp" 506
"../../../Engine/Plugins/Interchange/Assets/Content/gltf/M_Unlit.uasset" 507
"../../../Engine/Plugins/Interchange/Assets/Content/gltf/M_Unlit.uexp" 508
"../../../Engine/Plugins/Interchange/Assets/Content/gltf/MaterialInstances/MI_Unlit_Blend.uasset" 509
"../../../Engine/Plugins/Interchange/Assets/Content/gltf/MaterialInstances/MI_Unlit_Blend.uexp" 510
"../../../Engine/Plugins/Interchange/Assets/Content/gltf/MaterialInstances/MI_Unlit_Blend_DS.uasset" 511
"../../../Engine/Plugins/Interchange/Assets/Content/gltf/MaterialInstances/MI_Unlit_Blend_DS.uexp" 512
"../../../Engine/Plugins/Interchange/Assets/Content/gltf/MaterialInstances/MI_Unlit_Mask.uasset" 513
"../../../Engine/Plugins/Interchange/Assets/Content/gltf/MaterialInstances/MI_Unlit_Mask.uexp" 514
"../../../Engine/Plugins/Interchange/Assets/Content/gltf/MaterialInstances/MI_Unlit_Mask_DS.uasset" 515
"../../../Engine/Plugins/Interchange/Assets/Content/gltf/MaterialInstances/MI_Unlit_Mask_DS.uexp" 516
"../../../Engine/Plugins/Interchange/Assets/Content/gltf/MaterialInstances/MI_Unlit_Opaque.uasset" 517
"../../../Engine/Plugins/Interchange/Assets/Content/gltf/MaterialInstances/MI_Unlit_Opaque.uexp" 518
"../../../Engine/Plugins/Interchange/Assets/Content/gltf/MaterialInstances/MI_Unlit_Opaque_DS.uasset" 519
"../../../Engine/Plugins/Interchange/Assets/Content/gltf/MaterialInstances/MI_Unlit_Opaque_DS.uexp" 520
"../../../Engine/Content/EngineMaterials/EnergyConservation/Diffuse_Energy.uasset" 521
"../../../Engine/Content/EngineMaterials/EnergyConservation/Diffuse_Energy.uexp" 522
"../../../Engine/Content/EngineMaterials/EnergyConservation/GGX_ReflectionEnergy.uasset" 523
"../../../Engine/Content/EngineMaterials/EnergyConservation/GGX_ReflectionEnergy.uexp" 524
"../../../Engine/Content/EngineMaterials/EnergyConservation/GGX_TransmissionEnergyArray.uasset" 525
"../../../Engine/Content/EngineMaterials/EnergyConservation/GGX_TransmissionEnergyArray.uexp" 526
"../../../Engine/Content/EngineMaterials/EnergyConservation/SheenLegacy_Energy.uasset" 527
"../../../Engine/Content/EngineMaterials/EnergyConservation/SheenLegacy_Energy.uexp" 528
"../../../Engine/Content/EngineMaterials/EnergyConservation/Sheen_Energy.uasset" 529
"../../../Engine/Content/EngineMaterials/EnergyConservation/Sheen_Energy.uexp" 530
"../../../Engine/Content/EngineMaterials/LTC/GGX_LTCAmp.uasset" 531
"../../../Engine/Content/EngineMaterials/LTC/GGX_LTCAmp.uexp" 532
"../../../Engine/Content/EngineMaterials/LTC/GGX_LTCMat.uasset" 533
"../../../Engine/Content/EngineMaterials/LTC/GGX_LTCMat.uexp" 534
"../../../Engine/Content/EngineMaterials/LTC/Sheen_LTC.uasset" 535
"../../../Engine/Content/EngineMaterials/LTC/Sheen_LTC.uexp" 536
"../../../Engine/Content/EngineResources/Development/ZenLogo_64.uasset" 537
"../../../Engine/Content/EngineResources/Development/ZenLogo_64.uexp" 538
"../../../Engine/Content/EngineResources/FilmGrains/Marcie_Grain_v3_128_M2_000.uasset" 539
"../../../Engine/Content/EngineResources/FilmGrains/Marcie_Grain_v3_128_M2_000.uexp" 540
"../../../Engine/Content/EditorMaterials/PhAT_NoCollisionMaterial.uasset" 541
"../../../Engine/Content/EditorMaterials/PhAT_NoCollisionMaterial.uexp" 542
"../../../Engine/Content/EditorMaterials/PhAT_UnselectedMaterial.uasset" 543
"../../../Engine/Content/EditorMaterials/PhAT_UnselectedMaterial.uexp" 544
"../../../Engine/Plugins/2D/Paper2D/Content/DefaultSpriteMaterial.uasset" 545
"../../../Engine/Plugins/2D/Paper2D/Content/DefaultSpriteMaterial.uexp" 546
"../../../Engine/Plugins/2D/Paper2D/Content/MaskedUnlitSpriteMaterial.uasset" 547
"../../../Engine/Plugins/2D/Paper2D/Content/MaskedUnlitSpriteMaterial.uexp" 548
"../../../Engine/Plugins/2D/Paper2D/Content/OpaqueUnlitSpriteMaterial.uasset" 549
"../../../Engine/Plugins/2D/Paper2D/Content/OpaqueUnlitSpriteMaterial.uexp" 550
"../../../Engine/Plugins/Animation/ControlRig/Content/M_Manip.uasset" 551
"../../../Engine/Plugins/Animation/ControlRig/Content/M_Manip.uexp" 552
"../../../Engine/Content/EditorMaterials/PreviewShadowIndicator.ubulk" 553
"../../../Engine/Content/EditorMaterials/PreviewShadowIndicator.uasset" 554
"../../../Engine/Content/EditorMaterials/PreviewShadowIndicator.uexp" 555
"../../../Engine/Content/EditorMaterials/PreviewShadowIndicatorMaterial.uasset" 556
"../../../Engine/Content/EditorMaterials/PreviewShadowIndicatorMaterial.uexp" 557
"../../../Engine/Plugins/Runtime/HairStrands/Content/Materials/HairCardsDefaultMaterial.uasset" 558
"../../../Engine/Plugins/Runtime/HairStrands/Content/Materials/HairCardsDefaultMaterial.uexp" 559
"../../../Engine/Content/Functions/Engine_MaterialFunctions02/Utility/MakeFloat2.uasset" 560
"../../../Engine/Content/Functions/Engine_MaterialFunctions02/Utility/MakeFloat2.uexp" 561
"../../../Engine/Content/EngineMaterials/HairColorMap.uasset" 562
"../../../Engine/Content/EngineMaterials/HairColorMap.uexp" 563
"../../../Engine/Content/EngineMaterials/HairDebugColor.uasset" 564
"../../../Engine/Content/EngineMaterials/HairDebugColor.uexp" 565
"../../../Engine/Plugins/Runtime/HairStrands/Content/Materials/HairGroupColors.uasset" 566
"../../../Engine/Plugins/Runtime/HairStrands/Content/Materials/HairGroupColors.uexp" 567
"../../../Engine/Plugins/Runtime/HairStrands/Content/Materials/HairDebugMaterial.uasset" 568
"../../../Engine/Plugins/Runtime/HairStrands/Content/Materials/HairDebugMaterial.uexp" 569
"../../../Engine/Plugins/Runtime/HairStrands/Content/Materials/HairDefaultMaterial.uasset" 570
"../../../Engine/Plugins/Runtime/HairStrands/Content/Materials/HairDefaultMaterial.uexp" 571
"../../../Engine/Plugins/Runtime/HairStrands/Content/Materials/HairMeshesDefaultMaterial.uasset" 572
"../../../Engine/Plugins/Runtime/HairStrands/Content/Materials/HairMeshesDefaultMaterial.uexp" 573
"../../../Engine/Plugins/Media/MediaPlate/Content/SM_MediaPlateScreen.ubulk" 574
"../../../Engine/Plugins/Media/MediaPlate/Content/SM_MediaPlateScreen.uasset" 575
"../../../Engine/Plugins/Media/MediaPlate/Content/SM_MediaPlateScreen.uexp" 576
"../../../Engine/Plugins/NNE/NNEDenoiser/Content/NNEDIM_ColorAlbedoNormal_Alpha.uasset" 577
"../../../Engine/Plugins/NNE/NNEDenoiser/Content/NNEDIM_ColorAlbedoNormal_Alpha.uexp" 578
"../../../Engine/Plugins/NNE/NNEDenoiser/Content/NNEDIM_ColorAlbedoNormal_Default.uasset" 579
"../../../Engine/Plugins/NNE/NNEDenoiser/Content/NNEDIM_ColorAlbedoNormal_Default.uexp" 580
"../../../Engine/Plugins/NNE/NNEDenoiser/Content/NNEDIM_HighQuality_Alpha.uasset" 581
"../../../Engine/Plugins/NNE/NNEDenoiser/Content/NNEDIM_HighQuality_Alpha.uexp" 582
"../../../Engine/Plugins/NNE/NNEDenoiser/Content/NNEDIM_HighQuality_Default.uasset" 583
"../../../Engine/Plugins/NNE/NNEDenoiser/Content/NNEDIM_HighQuality_Default.uexp" 584
"../../../Engine/Plugins/NNE/NNEDenoiser/Content/NNEDOM_Output_Alpha.uasset" 585
"../../../Engine/Plugins/NNE/NNEDenoiser/Content/NNEDOM_Output_Alpha.uexp" 586
"../../../Engine/Plugins/NNE/NNEDenoiser/Content/NNEDOM_Output_Default.uasset" 587
"../../../Engine/Plugins/NNE/NNEDenoiser/Content/NNEDOM_Output_Default.uexp" 588
"../../../Engine/Plugins/NNE/NNEDenoiser/Content/NNEDTIM_ColorAlbedoNormal_Alpha.uasset" 589
"../../../Engine/Plugins/NNE/NNEDenoiser/Content/NNEDTIM_ColorAlbedoNormal_Alpha.uexp" 590
"../../../Engine/Plugins/NNE/NNEDenoiser/Content/NNEDTIM_ColorAlbedoNormal_Default.uasset" 591
"../../../Engine/Plugins/NNE/NNEDenoiser/Content/NNEDTIM_ColorAlbedoNormal_Default.uexp" 592
"../../../Engine/Plugins/NNE/NNEDenoiser/Content/NNEDTOM_Output_Alpha.uasset" 593
"../../../Engine/Plugins/NNE/NNEDenoiser/Content/NNEDTOM_Output_Alpha.uexp" 594
"../../../Engine/Plugins/NNE/NNEDenoiser/Content/NNEDTOM_Output_Default.uasset" 595
"../../../Engine/Plugins/NNE/NNEDenoiser/Content/NNEDTOM_Output_Default.uexp" 596
"../../../Engine/Plugins/NNE/NNEDenoiser/Content/NNEDT_Oidn2-3_Balanced.uasset" 597
"../../../Engine/Plugins/NNE/NNEDenoiser/Content/NNEDT_Oidn2-3_Balanced.uexp" 598
"../../../Engine/Plugins/NNE/NNEDenoiser/Content/NNEDT_Oidn2-3_Balanced_Alpha.uasset" 599
"../../../Engine/Plugins/NNE/NNEDenoiser/Content/NNEDT_Oidn2-3_Balanced_Alpha.uexp" 600
"../../../Engine/Plugins/NNE/NNEDenoiser/Content/NNED_Oidn2-3_Balanced.uasset" 601
"../../../Engine/Plugins/NNE/NNEDenoiser/Content/NNED_Oidn2-3_Balanced.uexp" 602
"../../../Engine/Plugins/NNE/NNEDenoiser/Content/NNED_Oidn2-3_Balanced_Alpha.uasset" 603
"../../../Engine/Plugins/NNE/NNEDenoiser/Content/NNED_Oidn2-3_Balanced_Alpha.uexp" 604
"../../../Engine/Plugins/NNE/NNEDenoiser/Content/NNED_Oidn2-3_Fast.uasset" 605
"../../../Engine/Plugins/NNE/NNEDenoiser/Content/NNED_Oidn2-3_Fast.uexp" 606
"../../../Engine/Plugins/NNE/NNEDenoiser/Content/NNED_Oidn2-3_Fast_Alpha.uasset" 607
"../../../Engine/Plugins/NNE/NNEDenoiser/Content/NNED_Oidn2-3_Fast_Alpha.uexp" 608
"../../../Engine/Plugins/NNE/NNEDenoiser/Content/NNED_Oidn2-3_HighQuality.uasset" 609
"../../../Engine/Plugins/NNE/NNEDenoiser/Content/NNED_Oidn2-3_HighQuality.uexp" 610
"../../../Engine/Plugins/NNE/NNEDenoiser/Content/NNED_Oidn2-3_HighQuality_Alpha.uasset" 611
"../../../Engine/Plugins/NNE/NNEDenoiser/Content/NNED_Oidn2-3_HighQuality_Alpha.uexp" 612
"../../../Engine/Plugins/NNE/NNEDenoiser/Content/NNE_oidn2-3-0_rt_hdr_alb_nrm_small__dyn__fp16_opset11_DenoiseAlpha.uasset" 613
"../../../Engine/Plugins/NNE/NNEDenoiser/Content/NNE_oidn2-3-0_rt_hdr_alb_nrm_small__dyn__fp16_opset11_DenoiseAlpha.uexp" 614
"../../../Engine/Plugins/NNE/NNEDenoiser/Content/NNE_oidn2-3-0_rt_hdr_alb_nrm_small__dyn__fp16_opset11_ForwardAlpha.uasset" 615
"../../../Engine/Plugins/NNE/NNEDenoiser/Content/NNE_oidn2-3-0_rt_hdr_alb_nrm_small__dyn__fp16_opset11_ForwardAlpha.uexp" 616
"../../../Engine/Content/EngineMaterials/WeightMapPlaceholderTexture.uasset" 617
"../../../Engine/Content/EngineMaterials/WeightMapPlaceholderTexture.uexp" 618
"../../../Engine/Content/EngineMaterials/WeightMapArrayPlaceholderTexture.uasset" 619
"../../../Engine/Content/EngineMaterials/WeightMapArrayPlaceholderTexture.uexp" 620
"../../../Engine/Content/EditorMaterials/Dataflow/DataflowTwoSidedVertexMaterial.uasset" 621
"../../../Engine/Content/EditorMaterials/Dataflow/DataflowTwoSidedVertexMaterial.uexp" 622
"../../../Engine/Content/EngineResources/WhiteSquareTexture.uasset" 623
"../../../Engine/Content/EngineResources/WhiteSquareTexture.uexp" 624
"../../../Engine/Content/EngineMaterials/Widget3DPassThrough.uasset" 625
"../../../Engine/Content/EngineMaterials/Widget3DPassThrough.uexp" 626
"../../../Engine/Content/EngineMaterials/Widget3DPassThrough_Masked.uasset" 627
"../../../Engine/Content/EngineMaterials/Widget3DPassThrough_Masked.uexp" 628
"../../../Engine/Content/EditorMaterials/Dataflow/DataflowVertexMaterial.uasset" 629
"../../../Engine/Content/EditorMaterials/Dataflow/DataflowVertexMaterial.uexp" 630
"../../../Engine/Content/EngineMaterials/Widget3DPassThrough_Opaque.uasset" 631
"../../../Engine/Content/EngineMaterials/Widget3DPassThrough_Opaque.uexp" 632
"../../../Engine/Content/EngineMaterials/Widget3DPassThrough_Masked_OneSided.uasset" 633
"../../../Engine/Content/EngineMaterials/Widget3DPassThrough_Masked_OneSided.uexp" 634
"../../../Engine/Content/EngineMaterials/Widget3DPassThrough_Opaque_OneSided.uasset" 635
"../../../Engine/Content/EngineMaterials/Widget3DPassThrough_Opaque_OneSided.uexp" 636
"../../../Engine/Content/EngineMaterials/Widget3DPassThrough_Translucent.uasset" 637
"../../../Engine/Content/EngineMaterials/Widget3DPassThrough_Translucent.uexp" 638
"../../../Engine/Content/EngineMaterials/Widget3DPassThrough_Translucent_OneSided.uasset" 639
"../../../Engine/Content/EngineMaterials/Widget3DPassThrough_Translucent_OneSided.uexp" 640
"../../../Engine/Content/EditorResources/BSPVertex.uasset" 641
"../../../Engine/Content/EditorResources/BSPVertex.uexp" 642
"../../../Engine/Content/EngineMeshes/Sphere.ubulk" 643
"../../../Engine/Content/EngineMeshes/Sphere.uasset" 644
"../../../Engine/Content/EngineMeshes/Sphere.uexp" 645
"../../../Engine/Content/EditorResources/S_Actor.ubulk" 646
"../../../Engine/Content/EditorResources/S_Actor.uasset" 647
"../../../Engine/Content/EditorResources/S_Actor.uexp" 648
"../../../Engine/Content/EditorResources/S_BoxReflectionCapture.uasset" 649
"../../../Engine/Content/EditorResources/S_BoxReflectionCapture.uexp" 650
"../../../Engine/Content/EngineResources/Black.uasset" 651
"../../../Engine/Content/EngineResources/Black.uexp" 652
"../../../Engine/Content/EngineResources/DefaultTexture.ubulk" 653
"../../../Engine/Content/EngineResources/DefaultTexture.uasset" 654
"../../../Engine/Content/EngineResources/DefaultTexture.uexp" 655
"../../../Engine/Content/EngineResources/DefaultTextureCube.uasset" 656
"../../../Engine/Content/EngineResources/DefaultTextureCube.uexp" 657
"../../../Engine/Content/EngineResources/GradientTexture0.uasset" 658
"../../../Engine/Content/EngineResources/GradientTexture0.uexp" 659
"../../../Engine/Content/EngineResources/LandscapeVisibilityLayerInfo.uasset" 660
"../../../Engine/Content/EngineResources/LandscapeVisibilityLayerInfo.uexp" 661
"../../../Engine/Content/EditorResources/S_Solver.ubulk" 662
"../../../Engine/Content/EditorResources/S_Solver.uasset" 663
"../../../Engine/Content/EditorResources/S_Solver.uexp" 664
"../../../Engine/Content/EditorResources/S_Terrain.ubulk" 665
"../../../Engine/Content/EditorResources/S_Terrain.uasset" 666
"../../../Engine/Content/EditorResources/S_Terrain.uexp" 667
"../../../Engine/Content/EditorResources/S_Trigger.ubulk" 668
"../../../Engine/Content/EditorResources/S_Trigger.uasset" 669
"../../../Engine/Content/EditorResources/S_Trigger.uexp" 670
"../../../Engine/Content/EditorResources/S_TriggerBox.uasset" 671
"../../../Engine/Content/EditorResources/S_TriggerBox.uexp" 672
"../../../Engine/Content/EditorResources/S_TriggerCapsule.uasset" 673
"../../../Engine/Content/EditorResources/S_TriggerCapsule.uexp" 674
"../../../Engine/Content/EditorResources/S_TriggerSphere.uasset" 675
"../../../Engine/Content/EditorResources/S_TriggerSphere.uexp" 676
"../../../Engine/Content/EngineMaterials/Substrate/Glints2/AGlintTex2dArray2.uasset" 677
"../../../Engine/Content/EngineMaterials/Substrate/Glints2/AGlintTex2dArray2.uexp" 678
"../../../Engine/Content/EngineDamageTypes/DmgTypeBP_Environmental.uasset" 679
"../../../Engine/Content/EngineDamageTypes/DmgTypeBP_Environmental.uexp" 680
"../../../Engine/Content/EngineDebugMaterials/DebugEditorMaterial.uasset" 681
"../../../Engine/Content/EngineDebugMaterials/DebugEditorMaterial.uexp" 682
"../../../Engine/Content/EngineDebugMaterials/DebugMeshMaterial.uasset" 683
"../../../Engine/Content/EngineDebugMaterials/DebugMeshMaterial.uexp" 684
"../../../Engine/Content/EngineMaterials/Substrate/Volume/SubstrateSimpleVolumeEnvLUT3D.uasset" 685
"../../../Engine/Content/EngineMaterials/Substrate/Volume/SubstrateSimpleVolumeEnvLUT3D.uexp" 686
"../../../Engine/Content/EngineMaterials/Substrate/Volume/SubstrateSimpleVolumeLUT3D.uasset" 687
"../../../Engine/Content/EngineMaterials/Substrate/Volume/SubstrateSimpleVolumeLUT3D.uexp" 688
"../../../Engine/Content/Functions/Engine_MaterialFunctions02/SplitComponents.uasset" 689
"../../../Engine/Content/Functions/Engine_MaterialFunctions02/SplitComponents.uexp" 690
"../../../Engine/Content/VREditor/SnapGrid/SnapGridMaterial.uasset" 691
"../../../Engine/Content/VREditor/SnapGrid/SnapGridMaterial.uexp" 692
"../../../Engine/Content/VREditor/SnapGrid/SnapGridPlaneMesh.ubulk" 693
"../../../Engine/Content/VREditor/SnapGrid/SnapGridPlaneMesh.uasset" 694
"../../../Engine/Content/VREditor/SnapGrid/SnapGridPlaneMesh.uexp" 695
"../../../Engine/Content/VREditor/TransformGizmo/PlaneTranslationHandle.ubulk" 696
"../../../Engine/Content/VREditor/TransformGizmo/PlaneTranslationHandle.uasset" 697
"../../../Engine/Content/VREditor/TransformGizmo/PlaneTranslationHandle.uexp" 698
"../../../Engine/Content/VREditor/TransformGizmo/RotationHandleFull.ubulk" 699
"../../../Engine/Content/VREditor/TransformGizmo/RotationHandleFull.uasset" 700
"../../../Engine/Content/VREditor/TransformGizmo/RotationHandleFull.uexp" 701
"../../../Engine/Content/VREditor/TransformGizmo/RotationHandleIndicator.ubulk" 702
"../../../Engine/Content/VREditor/TransformGizmo/RotationHandleIndicator.uasset" 703
"../../../Engine/Content/VREditor/TransformGizmo/RotationHandleIndicator.uexp" 704
"../../../Engine/Content/VREditor/TransformGizmo/RotationHandleQuarter.ubulk" 705
"../../../Engine/Content/VREditor/TransformGizmo/RotationHandleQuarter.uasset" 706
"../../../Engine/Content/VREditor/TransformGizmo/RotationHandleQuarter.uexp" 707
"../../../Engine/Content/VREditor/TransformGizmo/StartRotationHandleIndicator.ubulk" 708
"../../../Engine/Content/VREditor/TransformGizmo/StartRotationHandleIndicator.uasset" 709
"../../../Engine/Content/VREditor/TransformGizmo/StartRotationHandleIndicator.uexp" 710
"../../../Engine/Content/VREditor/TransformGizmo/TranslucentTransformGizmoMaterial_Inst.uasset" 711
"../../../Engine/Content/VREditor/TransformGizmo/TranslucentTransformGizmoMaterial_Inst.uexp" 712
"../../../Engine/Content/VREditor/TransformGizmo/TransformGizmoFreeRotation.ubulk" 713
"../../../Engine/Content/VREditor/TransformGizmo/TransformGizmoFreeRotation.uasset" 714
"../../../Engine/Content/VREditor/TransformGizmo/TransformGizmoFreeRotation.uexp" 715
"../../../Engine/Content/VREditor/TransformGizmo/TransformGizmoMaterial_Inst.uasset" 716
"../../../Engine/Content/VREditor/TransformGizmo/TransformGizmoMaterial_Inst.uexp" 717
"../../../Engine/Content/VREditor/TransformGizmo/TranslateArrowHandle.ubulk" 718
"../../../Engine/Content/VREditor/TransformGizmo/TranslateArrowHandle.uasset" 719
"../../../Engine/Content/VREditor/TransformGizmo/TranslateArrowHandle.uexp" 720
"../../../Engine/Content/VREditor/TransformGizmo/UniformScaleHandle.ubulk" 721
"../../../Engine/Content/VREditor/TransformGizmo/UniformScaleHandle.uasset" 722
"../../../Engine/Content/VREditor/TransformGizmo/UniformScaleHandle.uexp" 723
"../../../Engine/Content/VREditor/Sounds/UI/Drop_Item_From_ContentBrowser.ubulk" 724
"../../../Engine/Content/VREditor/Sounds/UI/Drop_Item_From_ContentBrowser.uasset" 725
"../../../Engine/Content/VREditor/Sounds/UI/Drop_Item_From_ContentBrowser.uexp" 726
"../../../Engine/Content/VREditor/Sounds/UI/Gizmo_Handle_Clicked.ubulk" 727
"../../../Engine/Content/VREditor/Sounds/UI/Gizmo_Handle_Clicked.uasset" 728
"../../../Engine/Content/VREditor/Sounds/UI/Gizmo_Handle_Clicked.uexp" 729
"../../../Engine/Content/VREditor/Sounds/UI/Object_PickUp.ubulk" 730
"../../../Engine/Content/VREditor/Sounds/UI/Object_PickUp.uasset" 731
"../../../Engine/Content/VREditor/Sounds/UI/Object_PickUp.uexp" 732
"../../../Engine/Content/VREditor/Sounds/UI/Object_Snaps_To_Another_Actor.ubulk" 733
"../../../Engine/Content/VREditor/Sounds/UI/Object_Snaps_To_Another_Actor.uasset" 734
"../../../Engine/Content/VREditor/Sounds/UI/Object_Snaps_To_Another_Actor.uexp" 735
"../../../Engine/Content/VREditor/Sounds/UI/Object_Snaps_To_Grid.ubulk" 736
"../../../Engine/Content/VREditor/Sounds/UI/Object_Snaps_To_Grid.uasset" 737
"../../../Engine/Content/VREditor/Sounds/UI/Object_Snaps_To_Grid.uexp" 738
"../../../Engine/Content/VREditor/Sounds/UI/Scaling_Down.ubulk" 739
"../../../Engine/Content/VREditor/Sounds/UI/Scaling_Down.uasset" 740
"../../../Engine/Content/VREditor/Sounds/UI/Scaling_Down.uexp" 741
"../../../Engine/Content/VREditor/Sounds/UI/Scaling_Up.ubulk" 742
"../../../Engine/Content/VREditor/Sounds/UI/Scaling_Up.uasset" 743
"../../../Engine/Content/VREditor/Sounds/UI/Scaling_Up.uexp" 744
"../../../Engine/Content/VREditor/Sounds/UI/Selection_Changes.ubulk" 745
"../../../Engine/Content/VREditor/Sounds/UI/Selection_Changes.uasset" 746
"../../../Engine/Content/VREditor/Sounds/UI/Selection_Changes.uexp" 747
"../../../Engine/Plugins/Animation/ControlRig/Content/Controls/ControlRigGizmoMaterial.uasset" 748
"../../../Engine/Plugins/Animation/ControlRig/Content/Controls/ControlRigGizmoMaterial.uexp" 749
"../../../Engine/Plugins/Animation/ControlRig/Content/Controls/ControlRigXRayMaterial.uasset" 750
"../../../Engine/Plugins/Animation/ControlRig/Content/Controls/ControlRigXRayMaterial.uexp" 751
"../../../Engine/Plugins/Animation/ControlRig/Content/Controls/ControlRig_Arrow2_1mm.ubulk" 752
"../../../Engine/Plugins/Animation/ControlRig/Content/Controls/ControlRig_Arrow2_1mm.uasset" 753
"../../../Engine/Plugins/Animation/ControlRig/Content/Controls/ControlRig_Arrow2_1mm.uexp" 754
"../../../Engine/Plugins/Animation/ControlRig/Content/Controls/ControlRig_Arrow2_3mm.ubulk" 755
"../../../Engine/Plugins/Animation/ControlRig/Content/Controls/ControlRig_Arrow2_3mm.uasset" 756
"../../../Engine/Plugins/Animation/ControlRig/Content/Controls/ControlRig_Arrow2_3mm.uexp" 757
"../../../Engine/Plugins/Animation/ControlRig/Content/Controls/ControlRig_Arrow2_solid.ubulk" 758
"../../../Engine/Plugins/Animation/ControlRig/Content/Controls/ControlRig_Arrow2_solid.uasset" 759
"../../../Engine/Plugins/Animation/ControlRig/Content/Controls/ControlRig_Arrow2_solid.uexp" 760
"../../../Engine/Plugins/Animation/ControlRig/Content/Controls/ControlRig_Arrow4_1mm.ubulk" 761
"../../../Engine/Plugins/Animation/ControlRig/Content/Controls/ControlRig_Arrow4_1mm.uasset" 762
"../../../Engine/Plugins/Animation/ControlRig/Content/Controls/ControlRig_Arrow4_1mm.uexp" 763
"../../../Engine/Plugins/Animation/ControlRig/Content/Controls/ControlRig_Arrow4_3mm.ubulk" 764
"../../../Engine/Plugins/Animation/ControlRig/Content/Controls/ControlRig_Arrow4_3mm.uasset" 765
"../../../Engine/Plugins/Animation/ControlRig/Content/Controls/ControlRig_Arrow4_3mm.uexp" 766
"../../../Engine/Plugins/Animation/ControlRig/Content/Controls/ControlRig_Arrow4_solid.ubulk" 767
"../../../Engine/Plugins/Animation/ControlRig/Content/Controls/ControlRig_Arrow4_solid.uasset" 768
"../../../Engine/Plugins/Animation/ControlRig/Content/Controls/ControlRig_Arrow4_solid.uexp" 769
"../../../Engine/Plugins/Animation/ControlRig/Content/Controls/ControlRig_Arrow_1mm.ubulk" 770
"../../../Engine/Plugins/Animation/ControlRig/Content/Controls/ControlRig_Arrow_1mm.uasset" 771
"../../../Engine/Plugins/Animation/ControlRig/Content/Controls/ControlRig_Arrow_1mm.uexp" 772
"../../../Engine/Plugins/Animation/ControlRig/Content/Controls/ControlRig_Arrow_3mm.ubulk" 773
"../../../Engine/Plugins/Animation/ControlRig/Content/Controls/ControlRig_Arrow_3mm.uasset" 774
"../../../Engine/Plugins/Animation/ControlRig/Content/Controls/ControlRig_Arrow_3mm.uexp" 775
"../../../Engine/Plugins/Animation/ControlRig/Content/Controls/ControlRig_Arrow_solid.ubulk" 776
"../../../Engine/Plugins/Animation/ControlRig/Content/Controls/ControlRig_Arrow_solid.uasset" 777
"../../../Engine/Plugins/Animation/ControlRig/Content/Controls/ControlRig_Arrow_solid.uexp" 778
"../../../Engine/Plugins/Animation/ControlRig/Content/Controls/ControlRig_Box_1mm.ubulk" 779
"../../../Engine/Plugins/Animation/ControlRig/Content/Controls/ControlRig_Box_1mm.uasset" 780
"../../../Engine/Plugins/Animation/ControlRig/Content/Controls/ControlRig_Box_1mm.uexp" 781
"../../../Engine/Plugins/Animation/ControlRig/Content/Controls/ControlRig_Box_3mm.ubulk" 782
"../../../Engine/Plugins/Animation/ControlRig/Content/Controls/ControlRig_Box_3mm.uasset" 783
"../../../Engine/Plugins/Animation/ControlRig/Content/Controls/ControlRig_Box_3mm.uexp" 784
"../../../Engine/Plugins/Animation/ControlRig/Content/Controls/ControlRig_Box_solid.ubulk" 785
"../../../Engine/Plugins/Animation/ControlRig/Content/Controls/ControlRig_Box_solid.uasset" 786
"../../../Engine/Plugins/Animation/ControlRig/Content/Controls/ControlRig_Box_solid.uexp" 787
"../../../Engine/Plugins/Animation/ControlRig/Content/Controls/ControlRig_Circle_1mm.ubulk" 788
"../../../Engine/Plugins/Animation/ControlRig/Content/Controls/ControlRig_Circle_1mm.uasset" 789
"../../../Engine/Plugins/Animation/ControlRig/Content/Controls/ControlRig_Circle_1mm.uexp" 790
"../../../Engine/Plugins/Animation/ControlRig/Content/Controls/ControlRig_Circle_3mm.ubulk" 791
"../../../Engine/Plugins/Animation/ControlRig/Content/Controls/ControlRig_Circle_3mm.uasset" 792
"../../../Engine/Plugins/Animation/ControlRig/Content/Controls/ControlRig_Circle_3mm.uexp" 793
"../../../Engine/Plugins/Animation/ControlRig/Content/Controls/ControlRig_Circle_solid.ubulk" 794
"../../../Engine/Plugins/Animation/ControlRig/Content/Controls/ControlRig_Circle_solid.uasset" 795
"../../../Engine/Plugins/Animation/ControlRig/Content/Controls/ControlRig_Circle_solid.uexp" 796
"../../../Engine/Plugins/Animation/ControlRig/Content/Controls/ControlRig_Diamond_1mm.ubulk" 797
"../../../Engine/Plugins/Animation/ControlRig/Content/Controls/ControlRig_Diamond_1mm.uasset" 798
"../../../Engine/Plugins/Animation/ControlRig/Content/Controls/ControlRig_Diamond_1mm.uexp" 799
"../../../Engine/Plugins/Animation/ControlRig/Content/Controls/ControlRig_Diamond_3mm.ubulk" 800
"../../../Engine/Plugins/Animation/ControlRig/Content/Controls/ControlRig_Diamond_3mm.uasset" 801
"../../../Engine/Plugins/Animation/ControlRig/Content/Controls/ControlRig_Diamond_3mm.uexp" 802
"../../../Engine/Plugins/Animation/ControlRig/Content/Controls/ControlRig_Diamond_solid.ubulk" 803
"../../../Engine/Plugins/Animation/ControlRig/Content/Controls/ControlRig_Diamond_solid.uasset" 804
"../../../Engine/Plugins/Animation/ControlRig/Content/Controls/ControlRig_Diamond_solid.uexp" 805
"../../../Engine/Plugins/Animation/ControlRig/Content/Controls/ControlRig_HalfCircle_1mm.ubulk" 806
"../../../Engine/Plugins/Animation/ControlRig/Content/Controls/ControlRig_HalfCircle_1mm.uasset" 807
"../../../Engine/Plugins/Animation/ControlRig/Content/Controls/ControlRig_HalfCircle_1mm.uexp" 808
"../../../Engine/Plugins/Animation/ControlRig/Content/Controls/ControlRig_HalfCircle_3mm.ubulk" 809
"../../../Engine/Plugins/Animation/ControlRig/Content/Controls/ControlRig_HalfCircle_3mm.uasset" 810
"../../../Engine/Plugins/Animation/ControlRig/Content/Controls/ControlRig_HalfCircle_3mm.uexp" 811
"../../../Engine/Plugins/Animation/ControlRig/Content/Controls/ControlRig_HalfCircle_solid.ubulk" 812
"../../../Engine/Plugins/Animation/ControlRig/Content/Controls/ControlRig_HalfCircle_solid.uasset" 813
"../../../Engine/Plugins/Animation/ControlRig/Content/Controls/ControlRig_HalfCircle_solid.uexp" 814
"../../../Engine/Plugins/Animation/ControlRig/Content/Controls/ControlRig_Hexagon_1mm.ubulk" 815
"../../../Engine/Plugins/Animation/ControlRig/Content/Controls/ControlRig_Hexagon_1mm.uasset" 816
"../../../Engine/Plugins/Animation/ControlRig/Content/Controls/ControlRig_Hexagon_1mm.uexp" 817
"../../../Engine/Plugins/Animation/ControlRig/Content/Controls/ControlRig_Hexagon_3mm.ubulk" 818
"../../../Engine/Plugins/Animation/ControlRig/Content/Controls/ControlRig_Hexagon_3mm.uasset" 819
"../../../Engine/Plugins/Animation/ControlRig/Content/Controls/ControlRig_Hexagon_3mm.uexp" 820
"../../../Engine/Plugins/Animation/ControlRig/Content/Controls/ControlRig_Hexagon_solid.ubulk" 821
"../../../Engine/Plugins/Animation/ControlRig/Content/Controls/ControlRig_Hexagon_solid.uasset" 822
"../../../Engine/Plugins/Animation/ControlRig/Content/Controls/ControlRig_Hexagon_solid.uexp" 823
"../../../Engine/Plugins/Animation/ControlRig/Content/Controls/ControlRig_Octagon_1mm.ubulk" 824
"../../../Engine/Plugins/Animation/ControlRig/Content/Controls/ControlRig_Octagon_1mm.uasset" 825
"../../../Engine/Plugins/Animation/ControlRig/Content/Controls/ControlRig_Octagon_1mm.uexp" 826
"../../../Engine/Plugins/Animation/ControlRig/Content/Controls/ControlRig_Octagon_3mm.ubulk" 827
"../../../Engine/Plugins/Animation/ControlRig/Content/Controls/ControlRig_Octagon_3mm.uasset" 828
"../../../Engine/Plugins/Animation/ControlRig/Content/Controls/ControlRig_Octagon_3mm.uexp" 829
"../../../Engine/Plugins/Animation/ControlRig/Content/Controls/ControlRig_Octagon_solid.ubulk" 830
"../../../Engine/Plugins/Animation/ControlRig/Content/Controls/ControlRig_Octagon_solid.uasset" 831
"../../../Engine/Plugins/Animation/ControlRig/Content/Controls/ControlRig_Octagon_solid.uexp" 832
"../../../Engine/Plugins/Animation/ControlRig/Content/Controls/ControlRig_Pyramid_1mm.ubulk" 833
"../../../Engine/Plugins/Animation/ControlRig/Content/Controls/ControlRig_Pyramid_1mm.uasset" 834
"../../../Engine/Plugins/Animation/ControlRig/Content/Controls/ControlRig_Pyramid_1mm.uexp" 835
"../../../Engine/Plugins/Animation/ControlRig/Content/Controls/ControlRig_Pyramid_3mm.ubulk" 836
"../../../Engine/Plugins/Animation/ControlRig/Content/Controls/ControlRig_Pyramid_3mm.uasset" 837
"../../../Engine/Plugins/Animation/ControlRig/Content/Controls/ControlRig_Pyramid_3mm.uexp" 838
"../../../Engine/Plugins/Animation/ControlRig/Content/Controls/ControlRig_Pyramid_solid.ubulk" 839
"../../../Engine/Plugins/Animation/ControlRig/Content/Controls/ControlRig_Pyramid_solid.uasset" 840
"../../../Engine/Plugins/Animation/ControlRig/Content/Controls/ControlRig_Pyramid_solid.uexp" 841
"../../../Engine/Plugins/Animation/ControlRig/Content/Controls/ControlRig_QuarterCircle_1mm.ubulk" 842
"../../../Engine/Plugins/Animation/ControlRig/Content/Controls/ControlRig_QuarterCircle_1mm.uasset" 843
"../../../Engine/Plugins/Animation/ControlRig/Content/Controls/ControlRig_QuarterCircle_1mm.uexp" 844
"../../../Engine/Plugins/Animation/ControlRig/Content/Controls/ControlRig_QuarterCircle_3mm.ubulk" 845
"../../../Engine/Plugins/Animation/ControlRig/Content/Controls/ControlRig_QuarterCircle_3mm.uasset" 846
"../../../Engine/Plugins/Animation/ControlRig/Content/Controls/ControlRig_QuarterCircle_3mm.uexp" 847
"../../../Engine/Plugins/Animation/ControlRig/Content/Controls/ControlRig_QuarterCircle_solid.ubulk" 848
"../../../Engine/Plugins/Animation/ControlRig/Content/Controls/ControlRig_QuarterCircle_solid.uasset" 849
"../../../Engine/Plugins/Animation/ControlRig/Content/Controls/ControlRig_QuarterCircle_solid.uexp" 850
"../../../Engine/Plugins/Animation/ControlRig/Content/Controls/ControlRig_RoundedSquare_1mm.ubulk" 851
"../../../Engine/Plugins/Animation/ControlRig/Content/Controls/ControlRig_RoundedSquare_1mm.uasset" 852
"../../../Engine/Plugins/Animation/ControlRig/Content/Controls/ControlRig_RoundedSquare_1mm.uexp" 853
"../../../Engine/Plugins/Animation/ControlRig/Content/Controls/ControlRig_RoundedSquare_3mm.ubulk" 854
"../../../Engine/Plugins/Animation/ControlRig/Content/Controls/ControlRig_RoundedSquare_3mm.uasset" 855
"../../../Engine/Plugins/Animation/ControlRig/Content/Controls/ControlRig_RoundedSquare_3mm.uexp" 856
"../../../Engine/Plugins/Animation/ControlRig/Content/Controls/ControlRig_RoundedSquare_solid.ubulk" 857
"../../../Engine/Plugins/Animation/ControlRig/Content/Controls/ControlRig_RoundedSquare_solid.uasset" 858
"../../../Engine/Plugins/Animation/ControlRig/Content/Controls/ControlRig_RoundedSquare_solid.uexp" 859
"../../../Engine/Plugins/Animation/ControlRig/Content/Controls/ControlRig_RoundedTriangle_1mm.ubulk" 860
"../../../Engine/Plugins/Animation/ControlRig/Content/Controls/ControlRig_RoundedTriangle_1mm.uasset" 861
"../../../Engine/Plugins/Animation/ControlRig/Content/Controls/ControlRig_RoundedTriangle_1mm.uexp" 862
"../../../Engine/Plugins/Animation/ControlRig/Content/Controls/ControlRig_RoundedTriangle_3mm.ubulk" 863
"../../../Engine/Plugins/Animation/ControlRig/Content/Controls/ControlRig_RoundedTriangle_3mm.uasset" 864
"../../../Engine/Plugins/Animation/ControlRig/Content/Controls/ControlRig_RoundedTriangle_3mm.uexp" 865
"../../../Engine/Plugins/Animation/ControlRig/Content/Controls/ControlRig_RoundedTriangle_solid.ubulk" 866
"../../../Engine/Plugins/Animation/ControlRig/Content/Controls/ControlRig_RoundedTriangle_solid.uasset" 867
"../../../Engine/Plugins/Animation/ControlRig/Content/Controls/ControlRig_RoundedTriangle_solid.uexp" 868
"../../../Engine/Plugins/Animation/ControlRig/Content/Controls/ControlRig_Sphere_1mm.ubulk" 869
"../../../Engine/Plugins/Animation/ControlRig/Content/Controls/ControlRig_Sphere_1mm.uasset" 870
"../../../Engine/Plugins/Animation/ControlRig/Content/Controls/ControlRig_Sphere_1mm.uexp" 871
"../../../Engine/Plugins/Animation/ControlRig/Content/Controls/ControlRig_Sphere_3mm.ubulk" 872
"../../../Engine/Plugins/Animation/ControlRig/Content/Controls/ControlRig_Sphere_3mm.uasset" 873
"../../../Engine/Plugins/Animation/ControlRig/Content/Controls/ControlRig_Sphere_3mm.uexp" 874
"../../../Engine/Plugins/Animation/ControlRig/Content/Controls/ControlRig_Sphere_solid.ubulk" 875
"../../../Engine/Plugins/Animation/ControlRig/Content/Controls/ControlRig_Sphere_solid.uasset" 876
"../../../Engine/Plugins/Animation/ControlRig/Content/Controls/ControlRig_Sphere_solid.uexp" 877
"../../../Engine/Plugins/Animation/ControlRig/Content/Controls/ControlRig_Square_1mm.ubulk" 878
"../../../Engine/Plugins/Animation/ControlRig/Content/Controls/ControlRig_Square_1mm.uasset" 879
"../../../Engine/Plugins/Animation/ControlRig/Content/Controls/ControlRig_Square_1mm.uexp" 880
"../../../Engine/Plugins/Animation/ControlRig/Content/Controls/ControlRig_Square_3mm.ubulk" 881
"../../../Engine/Plugins/Animation/ControlRig/Content/Controls/ControlRig_Square_3mm.uasset" 882
"../../../Engine/Plugins/Animation/ControlRig/Content/Controls/ControlRig_Square_3mm.uexp" 883
"../../../Engine/Plugins/Interchange/Assets/Content/Functions/MX_AbsorptionVDF.uasset" 884
"../../../Engine/Plugins/Interchange/Assets/Content/Functions/MX_AbsorptionVDF.uexp" 885
"../../../Engine/Plugins/Animation/ControlRig/Content/Controls/ControlRig_Square_solid.ubulk" 886
"../../../Engine/Plugins/Animation/ControlRig/Content/Controls/ControlRig_Square_solid.uasset" 887
"../../../Engine/Plugins/Animation/ControlRig/Content/Controls/ControlRig_Square_solid.uexp" 888
"../../../Engine/Plugins/Animation/ControlRig/Content/Controls/ControlRig_Star4_1mm.ubulk" 889
"../../../Engine/Plugins/Animation/ControlRig/Content/Controls/ControlRig_Star4_1mm.uasset" 890
"../../../Engine/Plugins/Animation/ControlRig/Content/Controls/ControlRig_Star4_1mm.uexp" 891
"../../../Engine/Plugins/Interchange/Assets/Content/Functions/MX_AnisotropicVDF.uasset" 892
"../../../Engine/Plugins/Interchange/Assets/Content/Functions/MX_AnisotropicVDF.uexp" 893
"../../../Engine/Plugins/Animation/ControlRig/Content/Controls/ControlRig_Star4_3mm.ubulk" 894
"../../../Engine/Plugins/Animation/ControlRig/Content/Controls/ControlRig_Star4_3mm.uasset" 895
"../../../Engine/Plugins/Animation/ControlRig/Content/Controls/ControlRig_Star4_3mm.uexp" 896
"../../../Engine/Plugins/Interchange/Assets/Content/Functions/MX_BurleyDiffuseBSDF.uasset" 897
"../../../Engine/Plugins/Interchange/Assets/Content/Functions/MX_BurleyDiffuseBSDF.uexp" 898
"../../../Engine/Plugins/Animation/ControlRig/Content/Controls/ControlRig_Star4_solid.ubulk" 899
"../../../Engine/Plugins/Animation/ControlRig/Content/Controls/ControlRig_Star4_solid.uasset" 900
"../../../Engine/Plugins/Animation/ControlRig/Content/Controls/ControlRig_Star4_solid.uexp" 901
"../../../Engine/Plugins/Interchange/Assets/Content/Functions/MX_ChiangHairBSDF.uasset" 902
"../../../Engine/Plugins/Interchange/Assets/Content/Functions/MX_ChiangHairBSDF.uexp" 903
"../../../Engine/Plugins/Animation/ControlRig/Content/Controls/ControlRig_Triangle_1mm.ubulk" 904
"../../../Engine/Plugins/Animation/ControlRig/Content/Controls/ControlRig_Triangle_1mm.uasset" 905
"../../../Engine/Plugins/Animation/ControlRig/Content/Controls/ControlRig_Triangle_1mm.uexp" 906
"../../../Engine/Plugins/Animation/ControlRig/Content/Controls/ControlRig_Triangle_3mm.ubulk" 907
"../../../Engine/Plugins/Animation/ControlRig/Content/Controls/ControlRig_Triangle_3mm.uasset" 908
"../../../Engine/Plugins/Animation/ControlRig/Content/Controls/ControlRig_Triangle_3mm.uexp" 909
"../../../Engine/Plugins/Interchange/Assets/Content/Functions/MX_ConductorBSDF.uasset" 910
"../../../Engine/Plugins/Interchange/Assets/Content/Functions/MX_ConductorBSDF.uexp" 911
"../../../Engine/Plugins/Animation/ControlRig/Content/Controls/ControlRig_Triangle_solid.ubulk" 912
"../../../Engine/Plugins/Animation/ControlRig/Content/Controls/ControlRig_Triangle_solid.uasset" 913
"../../../Engine/Plugins/Animation/ControlRig/Content/Controls/ControlRig_Triangle_solid.uexp" 914
"../../../Engine/Plugins/Interchange/Assets/Content/Functions/MX_ConicalEDF.uasset" 915
"../../../Engine/Plugins/Interchange/Assets/Content/Functions/MX_ConicalEDF.uexp" 916
"../../../Engine/Plugins/Animation/ControlRig/Content/Controls/ControlRig_Wedge_1mm.ubulk" 917
"../../../Engine/Plugins/Animation/ControlRig/Content/Controls/ControlRig_Wedge_1mm.uasset" 918
"../../../Engine/Plugins/Animation/ControlRig/Content/Controls/ControlRig_Wedge_1mm.uexp" 919
"../../../Engine/Plugins/Interchange/Assets/Content/Functions/MX_DielectricBSDF.uasset" 920
"../../../Engine/Plugins/Interchange/Assets/Content/Functions/MX_DielectricBSDF.uexp" 921
"../../../Engine/Plugins/Animation/ControlRig/Content/Controls/ControlRig_Wedge_3mm.ubulk" 922
"../../../Engine/Plugins/Animation/ControlRig/Content/Controls/ControlRig_Wedge_3mm.uasset" 923
"../../../Engine/Plugins/Animation/ControlRig/Content/Controls/ControlRig_Wedge_3mm.uexp" 924
"../../../Engine/Plugins/Interchange/Assets/Content/Functions/MX_Displacement.uasset" 925
"../../../Engine/Plugins/Interchange/Assets/Content/Functions/MX_Displacement.uexp" 926
"../../../Engine/Plugins/Interchange/Assets/Content/Functions/MX_GeneralizedSchlickBSDF.uasset" 927
"../../../Engine/Plugins/Interchange/Assets/Content/Functions/MX_GeneralizedSchlickBSDF.uexp" 928
"../../../Engine/Plugins/Animation/ControlRig/Content/Controls/ControlRig_Wedge_solid.ubulk" 929
"../../../Engine/Plugins/Animation/ControlRig/Content/Controls/ControlRig_Wedge_solid.uasset" 930
"../../../Engine/Plugins/Animation/ControlRig/Content/Controls/ControlRig_Wedge_solid.uexp" 931
"../../../Engine/Plugins/Interchange/Assets/Content/Functions/MX_MeasuredEDF.uasset" 932
"../../../Engine/Plugins/Interchange/Assets/Content/Functions/MX_MeasuredEDF.uexp" 933
"../../../Engine/Plugins/Interchange/Assets/Content/Functions/MX_StandardSurface.uasset" 934
"../../../Engine/Plugins/Interchange/Assets/Content/Functions/MX_StandardSurface.uexp" 935
"../../../Engine/Plugins/Interchange/Assets/Content/Functions/MX_OpenPBR_Opaque.uasset" 936
"../../../Engine/Plugins/Interchange/Assets/Content/Functions/MX_OpenPBR_Opaque.uexp" 937
"../../../Engine/Plugins/Interchange/Assets/Content/Functions/MX_TransmissionSurface.uasset" 938
"../../../Engine/Plugins/Interchange/Assets/Content/Functions/MX_TransmissionSurface.uexp" 939
"../../../Engine/Plugins/Interchange/Assets/Content/Functions/MX_OpenPBR_Translucent.uasset" 940
"../../../Engine/Plugins/Interchange/Assets/Content/Functions/MX_OpenPBR_Translucent.uexp" 941
"../../../Engine/Plugins/Interchange/Assets/Content/Functions/MX_OrenNayarBSDF.uasset" 942
"../../../Engine/Plugins/Interchange/Assets/Content/Functions/MX_OrenNayarBSDF.uexp" 943
"../../../Engine/Plugins/Interchange/Assets/Content/Functions/MX_SheenBSDF.uasset" 944
"../../../Engine/Plugins/Interchange/Assets/Content/Functions/MX_SheenBSDF.uexp" 945
"../../../Engine/Plugins/Interchange/Assets/Content/Functions/MX_SubsurfaceBSDF.uasset" 946
"../../../Engine/Plugins/Interchange/Assets/Content/Functions/MX_SubsurfaceBSDF.uexp" 947
"../../../Engine/Plugins/Interchange/Assets/Content/Functions/MX_Surface.uasset" 948
"../../../Engine/Plugins/Interchange/Assets/Content/Functions/MX_Surface.uexp" 949
"../../../Engine/Plugins/Interchange/Assets/Content/Functions/MX_SurfaceUnlit.uasset" 950
"../../../Engine/Plugins/Interchange/Assets/Content/Functions/MX_SurfaceUnlit.uexp" 951
"../../../Engine/Content/Functions/Engine_MaterialFunctions01/Shading/ConvertFromDiffSpec.uasset" 952
"../../../Engine/Content/Functions/Engine_MaterialFunctions01/Shading/ConvertFromDiffSpec.uexp" 953
"../../../Engine/Content/Functions/Engine_MaterialFunctions01/Shading/PowerToRoughness.uasset" 954
"../../../Engine/Content/Functions/Engine_MaterialFunctions01/Shading/PowerToRoughness.uexp" 955
"../../../Engine/Plugins/Animation/ControlRig/Content/Controls/DefaultGizmoLibraryNormalized.uasset" 956
"../../../Engine/Plugins/Animation/ControlRig/Content/Controls/DefaultGizmoLibraryNormalized.uexp" 957
"D:/Unreal Projects/ProjectA/Content/_Asset/UI/MainMenu.uasset" 958
"D:/Unreal Projects/ProjectA/Content/_Asset/UI/MainMenu.uexp" 959
"../../../Engine/Content/Functions/Engine_MaterialFunctions01/Gradient/LinearGradient.uasset" 960
"../../../Engine/Content/Functions/Engine_MaterialFunctions01/Gradient/LinearGradient.uexp" 961
"D:/Unreal Projects/ProjectA/Content/_Asset/UI/HoveredButton.uasset" 962
"D:/Unreal Projects/ProjectA/Content/_Asset/UI/HoveredButton.uexp" 963
"D:/Unreal Projects/ProjectA/Content/_Asset/UI/SelectedButton.uasset" 964
"D:/Unreal Projects/ProjectA/Content/_Asset/UI/SelectedButton.uexp" 965
"D:/Unreal Projects/ProjectA/Content/_Game/UI/WBP_ButtonWidget.uasset" 966
"D:/Unreal Projects/ProjectA/Content/_Game/UI/WBP_ButtonWidget.uexp" 967
"D:/Unreal Projects/ProjectA/Content/_Game/UI/WBP_ControlsWidget.uasset" 968
"D:/Unreal Projects/ProjectA/Content/_Game/UI/WBP_ControlsWidget.uexp" 969
"D:/Unreal Projects/ProjectA/Content/_Game/UI/WBP_MainMenuHUDWidget.uasset" 970
"D:/Unreal Projects/ProjectA/Content/_Game/UI/WBP_MainMenuHUDWidget.uexp" 971
"D:/Unreal Projects/ProjectA/Content/_Asset/SFX/Music/BGM_MainMenu.ubulk" 972
"D:/Unreal Projects/ProjectA/Content/_Asset/SFX/Music/BGM_MainMenu.uasset" 973
"D:/Unreal Projects/ProjectA/Content/_Asset/SFX/Music/BGM_MainMenu.uexp" 974
"D:/Unreal Projects/ProjectA/Content/_Game/Blueprints/PlayerControllers/BP_PC_MainMenu.uasset" 975
"D:/Unreal Projects/ProjectA/Content/_Game/Blueprints/PlayerControllers/BP_PC_MainMenu.uexp" 976
"D:/Unreal Projects/ProjectA/Content/_Game/Blueprints/GameModes/BP_GM_MainMenu.uasset" 977
"D:/Unreal Projects/ProjectA/Content/_Game/Blueprints/GameModes/BP_GM_MainMenu.uexp" 978
"D:/Unreal Projects/ProjectA/Content/_Game/Maps/LV_MainMenu.uexp" 979
"D:/Unreal Projects/ProjectA/Content/_Game/Maps/LV_MainMenu.umap" 980
"../../../Engine/Content/EngineMaterials/DefaultPhysicalMaterial.uasset" 981
"../../../Engine/Content/EngineMaterials/DefaultPhysicalMaterial.uexp" 982
"../../../Engine/Content/Functions/Engine_MaterialFunctions02/Utility/BreakOutFloat4Components.uasset" 983
"../../../Engine/Content/Functions/Engine_MaterialFunctions02/Utility/BreakOutFloat4Components.uexp" 984
"../../../Engine/Content/Functions/Engine_MaterialFunctions02/Utility/MakeFloat4.uasset" 985
"../../../Engine/Content/Functions/Engine_MaterialFunctions02/Utility/MakeFloat4.uexp" 986
"../../../Engine/Content/EngineResources/DefaultVolumeTexture2D.uasset" 987
"../../../Engine/Content/EngineResources/DefaultVolumeTexture2D.uexp" 988
"../../../Engine/Content/EngineResources/DefaultVolumeTexture.uasset" 989
"../../../Engine/Content/EngineResources/DefaultVolumeTexture.uexp" 990
"../../../Engine/Content/EngineSky/VolumetricClouds/VT_Lightning.uasset" 991
"../../../Engine/Content/EngineSky/VolumetricClouds/VT_Lightning.uexp" 992
"../../../Engine/Content/Functions/Engine_MaterialFunctions01/Units/Km-to-Cm.uasset" 993
"../../../Engine/Content/Functions/Engine_MaterialFunctions01/Units/Km-to-Cm.uexp" 994
"../../../Engine/Content/EngineSky/VolumetricClouds/m_SimpleVolumetricCloud.uasset" 995
"../../../Engine/Content/EngineSky/VolumetricClouds/m_SimpleVolumetricCloud.uexp" 996
"../../../Engine/Content/EngineSky/VolumetricClouds/T_CloudMask.ubulk" 997
"../../../Engine/Content/EngineSky/VolumetricClouds/T_CloudMask.uasset" 998
"../../../Engine/Content/EngineSky/VolumetricClouds/T_CloudMask.uexp" 999
"../../../Engine/Content/EngineSky/VolumetricClouds/T_CloudPattern.ubulk" 1000
"../../../Engine/Content/EngineSky/VolumetricClouds/T_CloudPattern.uasset" 1001
"../../../Engine/Content/EngineSky/VolumetricClouds/T_CloudPattern.uexp" 1002
"../../../Engine/Content/EngineSky/VolumetricClouds/T_Profile_08.ubulk" 1003
"../../../Engine/Content/EngineSky/VolumetricClouds/T_Profile_08.uasset" 1004
"../../../Engine/Content/EngineSky/VolumetricClouds/T_Profile_08.uexp" 1005
"../../../Engine/Content/EngineSky/VolumetricClouds/VT_PerlinWorley_Balanced.uasset" 1006
"../../../Engine/Content/EngineSky/VolumetricClouds/VT_PerlinWorley_Balanced.uexp" 1007
"../../../Engine/Content/EngineSky/VolumetricClouds/m_SimpleVolumetricCloud_Inst.uasset" 1008
"../../../Engine/Content/EngineSky/VolumetricClouds/m_SimpleVolumetricCloud_Inst.uexp" 1009
"D:/Unreal Projects/ProjectA/Content/KoreanTraditionalMartialArts/Meshs/Weapons/Textures/T_Hwando_BC.ubulk" 1010
"D:/Unreal Projects/ProjectA/Content/KoreanTraditionalMartialArts/Meshs/Weapons/Textures/T_Hwando_BC.uasset" 1011
"D:/Unreal Projects/ProjectA/Content/KoreanTraditionalMartialArts/Meshs/Weapons/Textures/T_Hwando_BC.uexp" 1012
"D:/Unreal Projects/ProjectA/Content/KoreanTraditionalMartialArts/Meshs/Weapons/Textures/T_Hwando_M.ubulk" 1013
"D:/Unreal Projects/ProjectA/Content/KoreanTraditionalMartialArts/Meshs/Weapons/Textures/T_Hwando_M.uasset" 1014
"D:/Unreal Projects/ProjectA/Content/KoreanTraditionalMartialArts/Meshs/Weapons/Textures/T_Hwando_M.uexp" 1015
"D:/Unreal Projects/ProjectA/Content/KoreanTraditionalMartialArts/Meshs/Weapons/Textures/T_Hwando_N.ubulk" 1016
"D:/Unreal Projects/ProjectA/Content/KoreanTraditionalMartialArts/Meshs/Weapons/Textures/T_Hwando_N.uasset" 1017
"D:/Unreal Projects/ProjectA/Content/KoreanTraditionalMartialArts/Meshs/Weapons/Textures/T_Hwando_N.uexp" 1018
"D:/Unreal Projects/ProjectA/Content/KoreanTraditionalMartialArts/Meshs/Weapons/Textures/T_Hwando_R.ubulk" 1019
"D:/Unreal Projects/ProjectA/Content/KoreanTraditionalMartialArts/Meshs/Weapons/Textures/T_Hwando_R.uasset" 1020
"D:/Unreal Projects/ProjectA/Content/KoreanTraditionalMartialArts/Meshs/Weapons/Textures/T_Hwando_R.uexp" 1021
"D:/Unreal Projects/ProjectA/Content/KoreanTraditionalMartialArts/Meshs/Weapons/Textures/T_Hwando_S.ubulk" 1022
"D:/Unreal Projects/ProjectA/Content/KoreanTraditionalMartialArts/Meshs/Weapons/Textures/T_Hwando_S.uasset" 1023
"D:/Unreal Projects/ProjectA/Content/KoreanTraditionalMartialArts/Meshs/Weapons/Textures/T_Hwando_S.uexp" 1024
"D:/Unreal Projects/ProjectA/Content/KoreanTraditionalMartialArts/Meshs/Weapons/Materials/M_Hwando.uasset" 1025
"D:/Unreal Projects/ProjectA/Content/KoreanTraditionalMartialArts/Meshs/Weapons/Materials/M_Hwando.uexp" 1026
"D:/Unreal Projects/ProjectA/Content/_Asset/Weapon/SM_Hwando.ubulk" 1027
"D:/Unreal Projects/ProjectA/Content/_Asset/Weapon/SM_Hwando.uasset" 1028
"D:/Unreal Projects/ProjectA/Content/_Asset/Weapon/SM_Hwando.uexp" 1029
"D:/Unreal Projects/ProjectA/Content/KoreanTraditionalMartialArts/Meshs/Weapons/Textures/T_Hyeobdo_AO.ubulk" 1030
"D:/Unreal Projects/ProjectA/Content/KoreanTraditionalMartialArts/Meshs/Weapons/Textures/T_Hyeobdo_AO.uasset" 1031
"D:/Unreal Projects/ProjectA/Content/KoreanTraditionalMartialArts/Meshs/Weapons/Textures/T_Hyeobdo_AO.uexp" 1032
"D:/Unreal Projects/ProjectA/Content/KoreanTraditionalMartialArts/Meshs/Weapons/Textures/T_Hyeobdo_BC.ubulk" 1033
"D:/Unreal Projects/ProjectA/Content/KoreanTraditionalMartialArts/Meshs/Weapons/Textures/T_Hyeobdo_BC.uasset" 1034
"D:/Unreal Projects/ProjectA/Content/KoreanTraditionalMartialArts/Meshs/Weapons/Textures/T_Hyeobdo_BC.uexp" 1035
"D:/Unreal Projects/ProjectA/Content/KoreanTraditionalMartialArts/Meshs/Weapons/Textures/T_Hyeobdo_M.ubulk" 1036
"D:/Unreal Projects/ProjectA/Content/KoreanTraditionalMartialArts/Meshs/Weapons/Textures/T_Hyeobdo_M.uasset" 1037
"D:/Unreal Projects/ProjectA/Content/KoreanTraditionalMartialArts/Meshs/Weapons/Textures/T_Hyeobdo_M.uexp" 1038
"D:/Unreal Projects/ProjectA/Content/KoreanTraditionalMartialArts/Meshs/Weapons/Textures/T_Hyeobdo_N.ubulk" 1039
"D:/Unreal Projects/ProjectA/Content/KoreanTraditionalMartialArts/Meshs/Weapons/Textures/T_Hyeobdo_N.uasset" 1040
"D:/Unreal Projects/ProjectA/Content/KoreanTraditionalMartialArts/Meshs/Weapons/Textures/T_Hyeobdo_N.uexp" 1041
"D:/Unreal Projects/ProjectA/Content/KoreanTraditionalMartialArts/Meshs/Weapons/Textures/T_Hyeobdo_R.ubulk" 1042
"D:/Unreal Projects/ProjectA/Content/KoreanTraditionalMartialArts/Meshs/Weapons/Textures/T_Hyeobdo_R.uasset" 1043
"D:/Unreal Projects/ProjectA/Content/KoreanTraditionalMartialArts/Meshs/Weapons/Textures/T_Hyeobdo_R.uexp" 1044
"D:/Unreal Projects/ProjectA/Content/KoreanTraditionalMartialArts/Meshs/Weapons/Materials/M_Hyeobdo.uasset" 1045
"D:/Unreal Projects/ProjectA/Content/KoreanTraditionalMartialArts/Meshs/Weapons/Materials/M_Hyeobdo.uexp" 1046
"D:/Unreal Projects/ProjectA/Content/_Asset/Weapon/SM_Hyeobdo.ubulk" 1047
"D:/Unreal Projects/ProjectA/Content/_Asset/Weapon/SM_Hyeobdo.uasset" 1048
"D:/Unreal Projects/ProjectA/Content/_Asset/Weapon/SM_Hyeobdo.uexp" 1049
"D:/Unreal Projects/ProjectA/Content/_Asset/Character/Mesh/SKEL_PlayerCharacter.uasset" 1050
"D:/Unreal Projects/ProjectA/Content/_Asset/Character/Mesh/SKEL_PlayerCharacter.uexp" 1051
"D:/Unreal Projects/ProjectA/Content/KoreanTraditionalMartialArts/Meshs/Characters/Textures/T_Body_BC.ubulk" 1052
"D:/Unreal Projects/ProjectA/Content/KoreanTraditionalMartialArts/Meshs/Characters/Textures/T_Body_BC.uasset" 1053
"D:/Unreal Projects/ProjectA/Content/KoreanTraditionalMartialArts/Meshs/Characters/Textures/T_Body_BC.uexp" 1054
"D:/Unreal Projects/ProjectA/Content/KoreanTraditionalMartialArts/Meshs/Characters/Textures/T_Body_N.ubulk" 1055
"D:/Unreal Projects/ProjectA/Content/KoreanTraditionalMartialArts/Meshs/Characters/Textures/T_Body_N.uasset" 1056
"D:/Unreal Projects/ProjectA/Content/KoreanTraditionalMartialArts/Meshs/Characters/Textures/T_Body_N.uexp" 1057
"D:/Unreal Projects/ProjectA/Content/KoreanTraditionalMartialArts/Meshs/Characters/Materials/M_Body.uasset" 1058
"D:/Unreal Projects/ProjectA/Content/KoreanTraditionalMartialArts/Meshs/Characters/Materials/M_Body.uexp" 1059
"D:/Unreal Projects/ProjectA/Content/KoreanTraditionalMartialArts/Meshs/Characters/Textures/T_Cloth_1_BC.ubulk" 1060
"D:/Unreal Projects/ProjectA/Content/KoreanTraditionalMartialArts/Meshs/Characters/Textures/T_Cloth_1_BC.uasset" 1061
"D:/Unreal Projects/ProjectA/Content/KoreanTraditionalMartialArts/Meshs/Characters/Textures/T_Cloth_1_BC.uexp" 1062
"D:/Unreal Projects/ProjectA/Content/KoreanTraditionalMartialArts/Meshs/Characters/Textures/T_Cloth_1_N.ubulk" 1063
"D:/Unreal Projects/ProjectA/Content/KoreanTraditionalMartialArts/Meshs/Characters/Textures/T_Cloth_1_N.uasset" 1064
"D:/Unreal Projects/ProjectA/Content/KoreanTraditionalMartialArts/Meshs/Characters/Textures/T_Cloth_1_N.uexp" 1065
"D:/Unreal Projects/ProjectA/Content/KoreanTraditionalMartialArts/Meshs/Characters/Materials/M_Cloth_1.uasset" 1066
"D:/Unreal Projects/ProjectA/Content/KoreanTraditionalMartialArts/Meshs/Characters/Materials/M_Cloth_1.uexp" 1067
"D:/Unreal Projects/ProjectA/Content/KoreanTraditionalMartialArts/Meshs/Characters/Textures/T_Cloth_2_BC.ubulk" 1068
"D:/Unreal Projects/ProjectA/Content/KoreanTraditionalMartialArts/Meshs/Characters/Textures/T_Cloth_2_BC.uasset" 1069
"D:/Unreal Projects/ProjectA/Content/KoreanTraditionalMartialArts/Meshs/Characters/Textures/T_Cloth_2_BC.uexp" 1070
"D:/Unreal Projects/ProjectA/Content/KoreanTraditionalMartialArts/Meshs/Characters/Textures/T_Cloth_2_M.ubulk" 1071
"D:/Unreal Projects/ProjectA/Content/KoreanTraditionalMartialArts/Meshs/Characters/Textures/T_Cloth_2_M.uasset" 1072
"D:/Unreal Projects/ProjectA/Content/KoreanTraditionalMartialArts/Meshs/Characters/Textures/T_Cloth_2_M.uexp" 1073
"D:/Unreal Projects/ProjectA/Content/KoreanTraditionalMartialArts/Meshs/Characters/Textures/T_Cloth_2_N.ubulk" 1074
"D:/Unreal Projects/ProjectA/Content/KoreanTraditionalMartialArts/Meshs/Characters/Textures/T_Cloth_2_N.uasset" 1075
"D:/Unreal Projects/ProjectA/Content/KoreanTraditionalMartialArts/Meshs/Characters/Textures/T_Cloth_2_N.uexp" 1076
"D:/Unreal Projects/ProjectA/Content/KoreanTraditionalMartialArts/Meshs/Characters/Textures/T_Cloth_2_R.ubulk" 1077
"D:/Unreal Projects/ProjectA/Content/KoreanTraditionalMartialArts/Meshs/Characters/Textures/T_Cloth_2_R.uasset" 1078
"D:/Unreal Projects/ProjectA/Content/KoreanTraditionalMartialArts/Meshs/Characters/Textures/T_Cloth_2_R.uexp" 1079
"D:/Unreal Projects/ProjectA/Content/KoreanTraditionalMartialArts/Meshs/Characters/Textures/T_Cloth_2_S.ubulk" 1080
"D:/Unreal Projects/ProjectA/Content/KoreanTraditionalMartialArts/Meshs/Characters/Textures/T_Cloth_2_S.uasset" 1081
"D:/Unreal Projects/ProjectA/Content/KoreanTraditionalMartialArts/Meshs/Characters/Textures/T_Cloth_2_S.uexp" 1082
"D:/Unreal Projects/ProjectA/Content/KoreanTraditionalMartialArts/Meshs/Characters/Materials/M_Cloth_2.uasset" 1083
"D:/Unreal Projects/ProjectA/Content/KoreanTraditionalMartialArts/Meshs/Characters/Materials/M_Cloth_2.uexp" 1084
"D:/Unreal Projects/ProjectA/Content/KoreanTraditionalMartialArts/Meshs/Characters/Textures/T_Eye_BC.ubulk" 1085
"D:/Unreal Projects/ProjectA/Content/KoreanTraditionalMartialArts/Meshs/Characters/Textures/T_Eye_BC.uasset" 1086
"D:/Unreal Projects/ProjectA/Content/KoreanTraditionalMartialArts/Meshs/Characters/Textures/T_Eye_BC.uexp" 1087
"D:/Unreal Projects/ProjectA/Content/KoreanTraditionalMartialArts/Meshs/Characters/Textures/T_Eye_N.ubulk" 1088
"D:/Unreal Projects/ProjectA/Content/KoreanTraditionalMartialArts/Meshs/Characters/Textures/T_Eye_N.uasset" 1089
"D:/Unreal Projects/ProjectA/Content/KoreanTraditionalMartialArts/Meshs/Characters/Textures/T_Eye_N.uexp" 1090
"D:/Unreal Projects/ProjectA/Content/KoreanTraditionalMartialArts/Meshs/Characters/Materials/M_Eye.uasset" 1091
"D:/Unreal Projects/ProjectA/Content/KoreanTraditionalMartialArts/Meshs/Characters/Materials/M_Eye.uexp" 1092
"D:/Unreal Projects/ProjectA/Content/KoreanTraditionalMartialArts/Meshs/Characters/Textures/T_Eyeblow_BC.ubulk" 1093
"D:/Unreal Projects/ProjectA/Content/KoreanTraditionalMartialArts/Meshs/Characters/Textures/T_Eyeblow_BC.uasset" 1094
"D:/Unreal Projects/ProjectA/Content/KoreanTraditionalMartialArts/Meshs/Characters/Textures/T_Eyeblow_BC.uexp" 1095
"D:/Unreal Projects/ProjectA/Content/KoreanTraditionalMartialArts/Meshs/Characters/Materials/M_Eyebrow.uasset" 1096
"D:/Unreal Projects/ProjectA/Content/KoreanTraditionalMartialArts/Meshs/Characters/Materials/M_Eyebrow.uexp" 1097
"D:/Unreal Projects/ProjectA/Content/KoreanTraditionalMartialArts/Meshs/Characters/Materials/M_EyeGlow.uasset" 1098
"D:/Unreal Projects/ProjectA/Content/KoreanTraditionalMartialArts/Meshs/Characters/Materials/M_EyeGlow.uexp" 1099
"D:/Unreal Projects/ProjectA/Content/KoreanTraditionalMartialArts/Meshs/Characters/Textures/T_Face_2_BC.ubulk" 1100
"D:/Unreal Projects/ProjectA/Content/KoreanTraditionalMartialArts/Meshs/Characters/Textures/T_Face_2_BC.uasset" 1101
"D:/Unreal Projects/ProjectA/Content/KoreanTraditionalMartialArts/Meshs/Characters/Textures/T_Face_2_BC.uexp" 1102
"D:/Unreal Projects/ProjectA/Content/KoreanTraditionalMartialArts/Meshs/Characters/Textures/T_Face_2_N.ubulk" 1103
"D:/Unreal Projects/ProjectA/Content/KoreanTraditionalMartialArts/Meshs/Characters/Textures/T_Face_2_N.uasset" 1104
"D:/Unreal Projects/ProjectA/Content/KoreanTraditionalMartialArts/Meshs/Characters/Textures/T_Face_2_N.uexp" 1105
"D:/Unreal Projects/ProjectA/Content/KoreanTraditionalMartialArts/Meshs/Characters/Textures/T_Face_2_S.ubulk" 1106
"D:/Unreal Projects/ProjectA/Content/KoreanTraditionalMartialArts/Meshs/Characters/Textures/T_Face_2_S.uasset" 1107
"D:/Unreal Projects/ProjectA/Content/KoreanTraditionalMartialArts/Meshs/Characters/Textures/T_Face_2_S.uexp" 1108
"D:/Unreal Projects/ProjectA/Content/KoreanTraditionalMartialArts/Meshs/Characters/Materials/M_Face_2.uasset" 1109
"D:/Unreal Projects/ProjectA/Content/KoreanTraditionalMartialArts/Meshs/Characters/Materials/M_Face_2.uexp" 1110
"D:/Unreal Projects/ProjectA/Content/KoreanTraditionalMartialArts/Meshs/Characters/Textures/T_Hair_BC.ubulk" 1111
"D:/Unreal Projects/ProjectA/Content/KoreanTraditionalMartialArts/Meshs/Characters/Textures/T_Hair_BC.uasset" 1112
"D:/Unreal Projects/ProjectA/Content/KoreanTraditionalMartialArts/Meshs/Characters/Textures/T_Hair_BC.uexp" 1113
"D:/Unreal Projects/ProjectA/Content/KoreanTraditionalMartialArts/Meshs/Characters/Materials/M_Hair.uasset" 1114
"D:/Unreal Projects/ProjectA/Content/KoreanTraditionalMartialArts/Meshs/Characters/Materials/M_Hair.uexp" 1115
"D:/Unreal Projects/ProjectA/Content/KoreanTraditionalMartialArts/Meshs/Characters/Textures/T_HairSide_BC.ubulk" 1116
"D:/Unreal Projects/ProjectA/Content/KoreanTraditionalMartialArts/Meshs/Characters/Textures/T_HairSide_BC.uasset" 1117
"D:/Unreal Projects/ProjectA/Content/KoreanTraditionalMartialArts/Meshs/Characters/Textures/T_HairSide_BC.uexp" 1118
"D:/Unreal Projects/ProjectA/Content/KoreanTraditionalMartialArts/Meshs/Characters/Materials/M_HairSide.uasset" 1119
"D:/Unreal Projects/ProjectA/Content/KoreanTraditionalMartialArts/Meshs/Characters/Materials/M_HairSide.uexp" 1120
"D:/Unreal Projects/ProjectA/Content/KoreanTraditionalMartialArts/Meshs/Characters/Textures/T_Mouth_BC.ubulk" 1121
"D:/Unreal Projects/ProjectA/Content/KoreanTraditionalMartialArts/Meshs/Characters/Textures/T_Mouth_BC.uasset" 1122
"D:/Unreal Projects/ProjectA/Content/KoreanTraditionalMartialArts/Meshs/Characters/Textures/T_Mouth_BC.uexp" 1123
"D:/Unreal Projects/ProjectA/Content/KoreanTraditionalMartialArts/Meshs/Characters/Textures/T_Mouth_N.ubulk" 1124
"D:/Unreal Projects/ProjectA/Content/KoreanTraditionalMartialArts/Meshs/Characters/Textures/T_Mouth_N.uasset" 1125
"D:/Unreal Projects/ProjectA/Content/KoreanTraditionalMartialArts/Meshs/Characters/Textures/T_Mouth_N.uexp" 1126
"D:/Unreal Projects/ProjectA/Content/KoreanTraditionalMartialArts/Meshs/Characters/Textures/T_Mouth_R.ubulk" 1127
"D:/Unreal Projects/ProjectA/Content/KoreanTraditionalMartialArts/Meshs/Characters/Textures/T_Mouth_R.uasset" 1128
"D:/Unreal Projects/ProjectA/Content/KoreanTraditionalMartialArts/Meshs/Characters/Textures/T_Mouth_R.uexp" 1129
"D:/Unreal Projects/ProjectA/Content/KoreanTraditionalMartialArts/Meshs/Characters/Textures/T_Mouth_S.ubulk" 1130
"D:/Unreal Projects/ProjectA/Content/KoreanTraditionalMartialArts/Meshs/Characters/Textures/T_Mouth_S.uasset" 1131
"D:/Unreal Projects/ProjectA/Content/KoreanTraditionalMartialArts/Meshs/Characters/Textures/T_Mouth_S.uexp" 1132
"D:/Unreal Projects/ProjectA/Content/KoreanTraditionalMartialArts/Meshs/Characters/Materials/M_Mouth.uasset" 1133
"D:/Unreal Projects/ProjectA/Content/KoreanTraditionalMartialArts/Meshs/Characters/Materials/M_Mouth.uexp" 1134
"D:/Unreal Projects/ProjectA/Content/_Asset/Character/Mesh/SKM_PlayerCharacter_Physics.uasset" 1135
"D:/Unreal Projects/ProjectA/Content/_Asset/Character/Mesh/SKM_PlayerCharacter_Physics.uexp" 1136
"D:/Unreal Projects/ProjectA/Content/_Asset/Character/Mesh/SKM_PlayerCharacter.uasset" 1137
"D:/Unreal Projects/ProjectA/Content/_Asset/Character/Mesh/SKM_PlayerCharacter.uexp" 1138
"D:/Unreal Projects/ProjectA/Content/_Asset/UI/T_LockOnIcon.uasset" 1139
"D:/Unreal Projects/ProjectA/Content/_Asset/UI/T_LockOnIcon.uexp" 1140
"D:/Unreal Projects/ProjectA/Content/_Game/UI/WBP_LockOn.uasset" 1141
"D:/Unreal Projects/ProjectA/Content/_Game/UI/WBP_LockOn.uexp" 1142
"D:/Unreal Projects/ProjectA/Content/_Game/UI/WBP_StatBarWidget.uasset" 1143
"D:/Unreal Projects/ProjectA/Content/_Game/UI/WBP_StatBarWidget.uexp" 1144
"D:/Unreal Projects/ProjectA/Content/_Asset/SFX/Impact/A_Guardian_Impact01.ubulk" 1145
"D:/Unreal Projects/ProjectA/Content/_Asset/SFX/Impact/A_Guardian_Impact01.uasset" 1146
"D:/Unreal Projects/ProjectA/Content/_Asset/SFX/Impact/A_Guardian_Impact01.uexp" 1147
"D:/Unreal Projects/ProjectA/Content/_Asset/SFX/Impact/A_Guardian_Impact02.ubulk" 1148
"D:/Unreal Projects/ProjectA/Content/_Asset/SFX/Impact/A_Guardian_Impact02.uasset" 1149
"D:/Unreal Projects/ProjectA/Content/_Asset/SFX/Impact/A_Guardian_Impact02.uexp" 1150
"D:/Unreal Projects/ProjectA/Content/_Asset/SFX/Impact/A_Guardian_Impact03.ubulk" 1151
"D:/Unreal Projects/ProjectA/Content/_Asset/SFX/Impact/A_Guardian_Impact03.uasset" 1152
"D:/Unreal Projects/ProjectA/Content/_Asset/SFX/Impact/A_Guardian_Impact03.uexp" 1153
"D:/Unreal Projects/ProjectA/Content/_Asset/SFX/Impact/A_Guardian_Impact04.ubulk" 1154
"D:/Unreal Projects/ProjectA/Content/_Asset/SFX/Impact/A_Guardian_Impact04.uasset" 1155
"D:/Unreal Projects/ProjectA/Content/_Asset/SFX/Impact/A_Guardian_Impact04.uexp" 1156
"D:/Unreal Projects/ProjectA/Content/_Asset/SFX/Impact/A_Guardian_Impact04_Cue.uasset" 1157
"D:/Unreal Projects/ProjectA/Content/_Asset/SFX/Impact/A_Guardian_Impact04_Cue.uexp" 1158
"D:/Unreal Projects/ProjectA/Content/_Asset/SFX/Music/SW_Theme.ubulk" 1159
"D:/Unreal Projects/ProjectA/Content/_Asset/SFX/Music/SW_Theme.uasset" 1160
"D:/Unreal Projects/ProjectA/Content/_Asset/SFX/Music/SW_Theme.uexp" 1161
"../../../Engine/Content/Animation/DefaultAnimBoneCompressionSettings.uasset" 1162
"../../../Engine/Content/Animation/DefaultAnimBoneCompressionSettings.uexp" 1163
"../../../Engine/Content/Animation/DefaultAnimCurveCompressionSettings.uasset" 1164
"../../../Engine/Content/Animation/DefaultAnimCurveCompressionSettings.uexp" 1165
"../../../Engine/Content/Animation/DefaultVariableFrameStrippingSettings.uasset" 1166
"../../../Engine/Content/Animation/DefaultVariableFrameStrippingSettings.uexp" 1167
"D:/Unreal Projects/ProjectA/Content/_Asset/Anim/PlayerCharacter/Fists_RTG/Locomotion/Idle.uasset" 1168
"D:/Unreal Projects/ProjectA/Content/_Asset/Anim/PlayerCharacter/Fists_RTG/Locomotion/Idle.uexp" 1169
"D:/Unreal Projects/ProjectA/Content/Essential_Foosteps_SK/WAV/Sand/Footstep_Sand_Boots_Run_1.ubulk" 1170
"D:/Unreal Projects/ProjectA/Content/Essential_Foosteps_SK/WAV/Sand/Footstep_Sand_Boots_Run_1.uasset" 1171
"D:/Unreal Projects/ProjectA/Content/Essential_Foosteps_SK/WAV/Sand/Footstep_Sand_Boots_Run_1.uexp" 1172
"D:/Unreal Projects/ProjectA/Content/Essential_Foosteps_SK/WAV/Sand/Footstep_Sand_Boots_Run_2.ubulk" 1173
"D:/Unreal Projects/ProjectA/Content/Essential_Foosteps_SK/WAV/Sand/Footstep_Sand_Boots_Run_2.uasset" 1174
"D:/Unreal Projects/ProjectA/Content/Essential_Foosteps_SK/WAV/Sand/Footstep_Sand_Boots_Run_2.uexp" 1175
"D:/Unreal Projects/ProjectA/Content/Essential_Foosteps_SK/WAV/Sand/Footstep_Sand_Boots_Run_3.ubulk" 1176
"D:/Unreal Projects/ProjectA/Content/Essential_Foosteps_SK/WAV/Sand/Footstep_Sand_Boots_Run_3.uasset" 1177
"D:/Unreal Projects/ProjectA/Content/Essential_Foosteps_SK/WAV/Sand/Footstep_Sand_Boots_Run_3.uexp" 1178
"D:/Unreal Projects/ProjectA/Content/Essential_Foosteps_SK/WAV/Sand/Footstep_Sand_Boots_Run_4.ubulk" 1179
"D:/Unreal Projects/ProjectA/Content/Essential_Foosteps_SK/WAV/Sand/Footstep_Sand_Boots_Run_4.uasset" 1180
"D:/Unreal Projects/ProjectA/Content/Essential_Foosteps_SK/WAV/Sand/Footstep_Sand_Boots_Run_4.uexp" 1181
"D:/Unreal Projects/ProjectA/Content/Essential_Foosteps_SK/WAV/Sand/Footstep_Sand_Boots_Run_5.ubulk" 1182
"D:/Unreal Projects/ProjectA/Content/Essential_Foosteps_SK/WAV/Sand/Footstep_Sand_Boots_Run_5.uasset" 1183
"D:/Unreal Projects/ProjectA/Content/Essential_Foosteps_SK/WAV/Sand/Footstep_Sand_Boots_Run_5.uexp" 1184
"D:/Unreal Projects/ProjectA/Content/Essential_Foosteps_SK/WAV/Sand/Footstep_Sand_Boots_Run_6.ubulk" 1185
"D:/Unreal Projects/ProjectA/Content/Essential_Foosteps_SK/WAV/Sand/Footstep_Sand_Boots_Run_6.uasset" 1186
"D:/Unreal Projects/ProjectA/Content/Essential_Foosteps_SK/WAV/Sand/Footstep_Sand_Boots_Run_6.uexp" 1187
"D:/Unreal Projects/ProjectA/Content/Essential_Foosteps_SK/WAV/Sand/Footstep_Sand_Boots_Run_7.ubulk" 1188
"D:/Unreal Projects/ProjectA/Content/Essential_Foosteps_SK/WAV/Sand/Footstep_Sand_Boots_Run_7.uasset" 1189
"D:/Unreal Projects/ProjectA/Content/Essential_Foosteps_SK/WAV/Sand/Footstep_Sand_Boots_Run_7.uexp" 1190
"D:/Unreal Projects/ProjectA/Content/Essential_Foosteps_SK/WAV/Sand/Footstep_Sand_Boots_Run_8.ubulk" 1191
"D:/Unreal Projects/ProjectA/Content/Essential_Foosteps_SK/WAV/Sand/Footstep_Sand_Boots_Run_8.uasset" 1192
"D:/Unreal Projects/ProjectA/Content/Essential_Foosteps_SK/WAV/Sand/Footstep_Sand_Boots_Run_8.uexp" 1193
"D:/Unreal Projects/ProjectA/Content/Essential_Foosteps_SK/CUE/Sand/Footstep_Sand_Boots_Run_1_Cue.uasset" 1194
"D:/Unreal Projects/ProjectA/Content/Essential_Foosteps_SK/CUE/Sand/Footstep_Sand_Boots_Run_1_Cue.uexp" 1195
"D:/Unreal Projects/ProjectA/Content/_Asset/Anim/PlayerCharacter/Fists_RTG/Locomotion/MF_Unarmed_Jog_Fwd.uasset" 1196
"D:/Unreal Projects/ProjectA/Content/_Asset/Anim/PlayerCharacter/Fists_RTG/Locomotion/MF_Unarmed_Jog_Fwd.uexp" 1197
"D:/Unreal Projects/ProjectA/Content/_Asset/Anim/PlayerCharacter/Fists_RTG/Locomotion/MF_Unarmed_Walk_Fwd.uasset" 1198
"D:/Unreal Projects/ProjectA/Content/_Asset/Anim/PlayerCharacter/Fists_RTG/Locomotion/MF_Unarmed_Walk_Fwd.uexp" 1199
"D:/Unreal Projects/ProjectA/Content/_Asset/Anim/EnemyCharacter/Common/BS_Move_Enemy.uasset" 1200
"D:/Unreal Projects/ProjectA/Content/_Asset/Anim/EnemyCharacter/Common/BS_Move_Enemy.uexp" 1201
"D:/Unreal Projects/ProjectA/Content/_Asset/Anim/EnemyCharacter/Common/Anim_Fall_Loop_Enemy.uasset" 1202
"D:/Unreal Projects/ProjectA/Content/_Asset/Anim/EnemyCharacter/Common/Anim_Fall_Loop_Enemy.uexp" 1203
"D:/Unreal Projects/ProjectA/Content/_Asset/Anim/EnemyCharacter/Common/Anim_Land_Enemy.uasset" 1204
"D:/Unreal Projects/ProjectA/Content/_Asset/Anim/EnemyCharacter/Common/Anim_Land_Enemy.uexp" 1205
"D:/Unreal Projects/ProjectA/Content/_Asset/Anim/EnemyCharacter/Fists_RTG/Locomotion/Idle_Enemy.uasset" 1206
"D:/Unreal Projects/ProjectA/Content/_Asset/Anim/EnemyCharacter/Fists_RTG/Locomotion/Idle_Enemy.uexp" 1207
"../../../Engine/Plugins/Animation/ACLPlugin/Content/ACLAnimBoneCompressionSettings.uasset" 1208
"../../../Engine/Plugins/Animation/ACLPlugin/Content/ACLAnimBoneCompressionSettings.uexp" 1209
"../../../Engine/Plugins/Animation/ACLPlugin/Content/ACLAnimCurveCompressionSettings.uasset" 1210
"../../../Engine/Plugins/Animation/ACLPlugin/Content/ACLAnimCurveCompressionSettings.uexp" 1211
"D:/Unreal Projects/ProjectA/Content/_Asset/Anim/EnemyCharacter/Fists_RTG/Locomotion/Melee_Jog_Bwd_Enemy.uasset" 1212
"D:/Unreal Projects/ProjectA/Content/_Asset/Anim/EnemyCharacter/Fists_RTG/Locomotion/Melee_Jog_Bwd_Enemy.uexp" 1213
"D:/Unreal Projects/ProjectA/Content/_Asset/Anim/EnemyCharacter/Fists_RTG/Locomotion/Melee_Jog_Left_Enemy.uasset" 1214
"D:/Unreal Projects/ProjectA/Content/_Asset/Anim/EnemyCharacter/Fists_RTG/Locomotion/Melee_Jog_Left_Enemy.uexp" 1215
"D:/Unreal Projects/ProjectA/Content/_Asset/Anim/EnemyCharacter/Fists_RTG/Locomotion/Melee_Jog_Right_Enemy.uasset" 1216
"D:/Unreal Projects/ProjectA/Content/_Asset/Anim/EnemyCharacter/Fists_RTG/Locomotion/Melee_Jog_Right_Enemy.uexp" 1217
"D:/Unreal Projects/ProjectA/Content/_Asset/Anim/EnemyCharacter/Fists_RTG/Locomotion/MF_Unarmed_Jog_Fwd_Enemy.uasset" 1218
"D:/Unreal Projects/ProjectA/Content/_Asset/Anim/EnemyCharacter/Fists_RTG/Locomotion/MF_Unarmed_Jog_Fwd_Enemy.uexp" 1219
"D:/Unreal Projects/ProjectA/Content/_Asset/Anim/EnemyCharacter/Fists_RTG/BS_Fists_Enemy.uasset" 1220
"D:/Unreal Projects/ProjectA/Content/_Asset/Anim/EnemyCharacter/Fists_RTG/BS_Fists_Enemy.uexp" 1221
"D:/Unreal Projects/ProjectA/Content/_Asset/Anim/EnemyCharacter/Sword_and_Shield_RTG/Idle/Idle_Combat_Enemy.uasset" 1222
"D:/Unreal Projects/ProjectA/Content/_Asset/Anim/EnemyCharacter/Sword_and_Shield_RTG/Idle/Idle_Combat_Enemy.uexp" 1223
"D:/Unreal Projects/ProjectA/Content/_Asset/Anim/EnemyCharacter/Sword_and_Shield_RTG/Run_Combat/Run_Combat_Back_Enemy.uasset" 1224
"D:/Unreal Projects/ProjectA/Content/_Asset/Anim/EnemyCharacter/Sword_and_Shield_RTG/Run_Combat/Run_Combat_Back_Enemy.uexp" 1225
"D:/Unreal Projects/ProjectA/Content/_Asset/Anim/EnemyCharacter/Sword_and_Shield_RTG/Run_Combat/Run_Combat_Forward_Enemy.uasset" 1226
"D:/Unreal Projects/ProjectA/Content/_Asset/Anim/EnemyCharacter/Sword_and_Shield_RTG/Run_Combat/Run_Combat_Forward_Enemy.uexp" 1227
"D:/Unreal Projects/ProjectA/Content/_Asset/Anim/EnemyCharacter/Sword_and_Shield_RTG/Run_Combat/Run_Combat_F_L_90_Enemy.uasset" 1228
"D:/Unreal Projects/ProjectA/Content/_Asset/Anim/EnemyCharacter/Sword_and_Shield_RTG/Run_Combat/Run_Combat_F_L_90_Enemy.uexp" 1229
"D:/Unreal Projects/ProjectA/Content/_Asset/Anim/EnemyCharacter/Sword_and_Shield_RTG/Run_Combat/Run_Combat_F_R_90_Enemy.uasset" 1230
"D:/Unreal Projects/ProjectA/Content/_Asset/Anim/EnemyCharacter/Sword_and_Shield_RTG/Run_Combat/Run_Combat_F_R_90_Enemy.uexp" 1231
"D:/Unreal Projects/ProjectA/Content/_Asset/Anim/EnemyCharacter/Sword_and_Shield_RTG/Walk_Combat/Walk_Combat_Back_Enemy.uasset" 1232
"D:/Unreal Projects/ProjectA/Content/_Asset/Anim/EnemyCharacter/Sword_and_Shield_RTG/Walk_Combat/Walk_Combat_Back_Enemy.uexp" 1233
"D:/Unreal Projects/ProjectA/Content/_Asset/Anim/EnemyCharacter/Sword_and_Shield_RTG/Walk_Combat/Walk_Combat_Forward_Enemy.uasset" 1234
"D:/Unreal Projects/ProjectA/Content/_Asset/Anim/EnemyCharacter/Sword_and_Shield_RTG/Walk_Combat/Walk_Combat_Forward_Enemy.uexp" 1235
"D:/Unreal Projects/ProjectA/Content/_Asset/Anim/EnemyCharacter/Sword_and_Shield_RTG/Walk_Combat/Walk_Combat_F_L_90_Enemy.uasset" 1236
"D:/Unreal Projects/ProjectA/Content/_Asset/Anim/EnemyCharacter/Sword_and_Shield_RTG/Walk_Combat/Walk_Combat_F_L_90_Enemy.uexp" 1237
"D:/Unreal Projects/ProjectA/Content/_Asset/Anim/EnemyCharacter/Sword_and_Shield_RTG/Walk_Combat/Walk_Combat_F_R_90_Enemy.uasset" 1238
"D:/Unreal Projects/ProjectA/Content/_Asset/Anim/EnemyCharacter/Sword_and_Shield_RTG/Walk_Combat/Walk_Combat_F_R_90_Enemy.uexp" 1239
"D:/Unreal Projects/ProjectA/Content/_Asset/Anim/EnemyCharacter/Sword_and_Shield_RTG/BS_SwordAndShield_Enemy.uasset" 1240
"D:/Unreal Projects/ProjectA/Content/_Asset/Anim/EnemyCharacter/Sword_and_Shield_RTG/BS_SwordAndShield_Enemy.uexp" 1241
"D:/Unreal Projects/ProjectA/Content/_Asset/Anim/EnemyCharacter/TwoHanded_RTG/Idle/TwoHanded_Idle_Enemy.uasset" 1242
"D:/Unreal Projects/ProjectA/Content/_Asset/Anim/EnemyCharacter/TwoHanded_RTG/Idle/TwoHanded_Idle_Enemy.uexp" 1243
"D:/Unreal Projects/ProjectA/Content/_Asset/Anim/EnemyCharacter/TwoHanded_RTG/Run_Combat/TwoHanded_Combat_Run_B_Enemy.uasset" 1244
"D:/Unreal Projects/ProjectA/Content/_Asset/Anim/EnemyCharacter/TwoHanded_RTG/Run_Combat/TwoHanded_Combat_Run_B_Enemy.uexp" 1245
"D:/Unreal Projects/ProjectA/Content/_Asset/Anim/EnemyCharacter/TwoHanded_RTG/Run_Combat/TwoHanded_Combat_Run_F_Enemy.uasset" 1246
"D:/Unreal Projects/ProjectA/Content/_Asset/Anim/EnemyCharacter/TwoHanded_RTG/Run_Combat/TwoHanded_Combat_Run_F_Enemy.uexp" 1247
"D:/Unreal Projects/ProjectA/Content/_Asset/Anim/EnemyCharacter/TwoHanded_RTG/Run_Combat/TwoHanded_Combat_Run_L_Enemy.uasset" 1248
"D:/Unreal Projects/ProjectA/Content/_Asset/Anim/EnemyCharacter/TwoHanded_RTG/Run_Combat/TwoHanded_Combat_Run_L_Enemy.uexp" 1249
"D:/Unreal Projects/ProjectA/Content/_Asset/Anim/EnemyCharacter/TwoHanded_RTG/Run_Combat/TwoHanded_Combat_Run_R_Enemy.uasset" 1250
"D:/Unreal Projects/ProjectA/Content/_Asset/Anim/EnemyCharacter/TwoHanded_RTG/Run_Combat/TwoHanded_Combat_Run_R_Enemy.uexp" 1251
"D:/Unreal Projects/ProjectA/Content/_Asset/Anim/EnemyCharacter/TwoHanded_RTG/Walk_Combat/TwoHanded_Combat_Walk_B_Enemy.uasset" 1252
"D:/Unreal Projects/ProjectA/Content/_Asset/Anim/EnemyCharacter/TwoHanded_RTG/Walk_Combat/TwoHanded_Combat_Walk_B_Enemy.uexp" 1253
"D:/Unreal Projects/ProjectA/Content/_Asset/Anim/EnemyCharacter/TwoHanded_RTG/Walk_Combat/TwoHanded_Combat_Walk_F_Enemy.uasset" 1254
"D:/Unreal Projects/ProjectA/Content/_Asset/Anim/EnemyCharacter/TwoHanded_RTG/Walk_Combat/TwoHanded_Combat_Walk_F_Enemy.uexp" 1255
"D:/Unreal Projects/ProjectA/Content/_Asset/Anim/EnemyCharacter/TwoHanded_RTG/Walk_Combat/TwoHanded_Combat_Walk_L_Enemy.uasset" 1256
"D:/Unreal Projects/ProjectA/Content/_Asset/Anim/EnemyCharacter/TwoHanded_RTG/Walk_Combat/TwoHanded_Combat_Walk_L_Enemy.uexp" 1257
"D:/Unreal Projects/ProjectA/Content/_Asset/Anim/EnemyCharacter/TwoHanded_RTG/Walk_Combat/TwoHanded_Combat_Walk_R_Enemy.uasset" 1258
"D:/Unreal Projects/ProjectA/Content/_Asset/Anim/EnemyCharacter/TwoHanded_RTG/Walk_Combat/TwoHanded_Combat_Walk_R_Enemy.uexp" 1259
"D:/Unreal Projects/ProjectA/Content/_Asset/Anim/EnemyCharacter/TwoHanded_RTG/BS_TwoHanded_Enemy.uasset" 1260
"D:/Unreal Projects/ProjectA/Content/_Asset/Anim/EnemyCharacter/TwoHanded_RTG/BS_TwoHanded_Enemy.uexp" 1261
"D:/Unreal Projects/ProjectA/Content/_Asset/Anim/EnemyCharacter/Common/ABP_EnemyCharacter.uasset" 1262
"D:/Unreal Projects/ProjectA/Content/_Asset/Anim/EnemyCharacter/Common/ABP_EnemyCharacter.uexp" 1263
"D:/Unreal Projects/ProjectA/Content/_Asset/Particle/Realistic_Starter_VFX_Pack_Vol2/Textures/T_Splash_A.ubulk" 1264
"D:/Unreal Projects/ProjectA/Content/_Asset/Particle/Realistic_Starter_VFX_Pack_Vol2/Textures/T_Splash_A.uasset" 1265
"D:/Unreal Projects/ProjectA/Content/_Asset/Particle/Realistic_Starter_VFX_Pack_Vol2/Textures/T_Splash_A.uexp" 1266
"D:/Unreal Projects/ProjectA/Content/_Asset/Particle/Realistic_Starter_VFX_Pack_Vol2/Materials/M_Blood_C.uasset" 1267
"D:/Unreal Projects/ProjectA/Content/_Asset/Particle/Realistic_Starter_VFX_Pack_Vol2/Materials/M_Blood_C.uexp" 1268
"../../../Engine/Content/Functions/Engine_MaterialFunctions02/Texturing/CustomRotator.uasset" 1269
"../../../Engine/Content/Functions/Engine_MaterialFunctions02/Texturing/CustomRotator.uexp" 1270
"D:/Unreal Projects/ProjectA/Content/_Asset/Particle/Realistic_Starter_VFX_Pack_Vol2/Textures/T_Dirt_C.ubulk" 1271
"D:/Unreal Projects/ProjectA/Content/_Asset/Particle/Realistic_Starter_VFX_Pack_Vol2/Textures/T_Dirt_C.uasset" 1272
"D:/Unreal Projects/ProjectA/Content/_Asset/Particle/Realistic_Starter_VFX_Pack_Vol2/Textures/T_Dirt_C.uexp" 1273
"D:/Unreal Projects/ProjectA/Content/_Asset/Particle/Realistic_Starter_VFX_Pack_Vol2/Materials/M_Dirt_A.uasset" 1274
"D:/Unreal Projects/ProjectA/Content/_Asset/Particle/Realistic_Starter_VFX_Pack_Vol2/Materials/M_Dirt_A.uexp" 1275
"D:/Unreal Projects/ProjectA/Content/_Asset/Particle/Realistic_Starter_VFX_Pack_Vol2/Textures/T_Smoke_B.ubulk" 1276
"D:/Unreal Projects/ProjectA/Content/_Asset/Particle/Realistic_Starter_VFX_Pack_Vol2/Textures/T_Smoke_B.uasset" 1277
"D:/Unreal Projects/ProjectA/Content/_Asset/Particle/Realistic_Starter_VFX_Pack_Vol2/Textures/T_Smoke_B.uexp" 1278
"D:/Unreal Projects/ProjectA/Content/_Asset/Particle/Realistic_Starter_VFX_Pack_Vol2/Materials/M_Smoke_A.uasset" 1279
"D:/Unreal Projects/ProjectA/Content/_Asset/Particle/Realistic_Starter_VFX_Pack_Vol2/Materials/M_Smoke_A.uexp" 1280
"../../../Engine/Content/Functions/Engine_MaterialFunctions01/Density/ExponentialDensity.uasset" 1281
"../../../Engine/Content/Functions/Engine_MaterialFunctions01/Density/ExponentialDensity.uexp" 1282
"../../../Engine/Content/Functions/Engine_MaterialFunctions01/Gradient/RadialGradientExponential.uasset" 1283
"../../../Engine/Content/Functions/Engine_MaterialFunctions01/Gradient/RadialGradientExponential.uexp" 1284
"D:/Unreal Projects/ProjectA/Content/_Asset/Particle/Realistic_Starter_VFX_Pack_Vol2/Materials/M_Snow.uasset" 1285
"D:/Unreal Projects/ProjectA/Content/_Asset/Particle/Realistic_Starter_VFX_Pack_Vol2/Materials/M_Snow.uexp" 1286
"D:/Unreal Projects/ProjectA/Content/_Asset/Particle/Realistic_Starter_VFX_Pack_Vol2/Particles/Blood/P_Blood_Splat_Cone.uasset" 1287
"D:/Unreal Projects/ProjectA/Content/_Asset/Particle/Realistic_Starter_VFX_Pack_Vol2/Particles/Blood/P_Blood_Splat_Cone.uexp" 1288
"D:/Unreal Projects/ProjectA/Content/_Game/Blueprints/AI/BB_Enemy.uasset" 1289
"D:/Unreal Projects/ProjectA/Content/_Game/Blueprints/AI/BB_Enemy.uexp" 1290
"D:/Unreal Projects/ProjectA/Content/_Game/Blueprints/AI/BT_Enemy.uasset" 1291
"D:/Unreal Projects/ProjectA/Content/_Game/Blueprints/AI/BT_Enemy.uexp" 1292
"D:/Unreal Projects/ProjectA/Content/_Game/Blueprints/AI/BP_EnemyAIController.uasset" 1293
"D:/Unreal Projects/ProjectA/Content/_Game/Blueprints/AI/BP_EnemyAIController.uexp" 1294
"D:/Unreal Projects/ProjectA/Content/_Asset/Anim/EnemyCharacter/Sword_and_Shield_RTG/Parry/Parried_Hit.uasset" 1295
"D:/Unreal Projects/ProjectA/Content/_Asset/Anim/EnemyCharacter/Sword_and_Shield_RTG/Parry/Parried_Hit.uexp" 1296
"D:/Unreal Projects/ProjectA/Content/_Asset/Anim/EnemyCharacter/Sword_and_Shield_RTG/Parry/AM_Parried_Hit_Montage.uasset" 1297
"D:/Unreal Projects/ProjectA/Content/_Asset/Anim/EnemyCharacter/Sword_and_Shield_RTG/Parry/AM_Parried_Hit_Montage.uexp" 1298
"D:/Unreal Projects/ProjectA/Content/_Asset/Anim/PlayerCharacter/TwoHanded_RTG/Hit/TwoHanded_Hit_B.uasset" 1299
"D:/Unreal Projects/ProjectA/Content/_Asset/Anim/PlayerCharacter/TwoHanded_RTG/Hit/TwoHanded_Hit_B.uexp" 1300
"D:/Unreal Projects/ProjectA/Content/_Asset/Anim/EnemyCharacter/TwoHanded_RTG/Hit/AM_TwoHanded_Hit_B_Montage_Enemy.uasset" 1301
"D:/Unreal Projects/ProjectA/Content/_Asset/Anim/EnemyCharacter/TwoHanded_RTG/Hit/AM_TwoHanded_Hit_B_Montage_Enemy.uexp" 1302
"D:/Unreal Projects/ProjectA/Content/_Asset/Anim/PlayerCharacter/TwoHanded_RTG/Hit/TwoHanded_Hit_F.uasset" 1303
"D:/Unreal Projects/ProjectA/Content/_Asset/Anim/PlayerCharacter/TwoHanded_RTG/Hit/TwoHanded_Hit_F.uexp" 1304
"D:/Unreal Projects/ProjectA/Content/_Asset/Anim/EnemyCharacter/TwoHanded_RTG/Hit/AM_TwoHanded_Hit_F_Montage_Enemy.uasset" 1305
"D:/Unreal Projects/ProjectA/Content/_Asset/Anim/EnemyCharacter/TwoHanded_RTG/Hit/AM_TwoHanded_Hit_F_Montage_Enemy.uexp" 1306
"D:/Unreal Projects/ProjectA/Content/_Asset/Anim/PlayerCharacter/TwoHanded_RTG/Hit/TwoHanded_Hit_L.uasset" 1307
"D:/Unreal Projects/ProjectA/Content/_Asset/Anim/PlayerCharacter/TwoHanded_RTG/Hit/TwoHanded_Hit_L.uexp" 1308
"D:/Unreal Projects/ProjectA/Content/_Asset/Anim/EnemyCharacter/TwoHanded_RTG/Hit/AM_TwoHanded_Hit_L_Montage_Enemy.uasset" 1309
"D:/Unreal Projects/ProjectA/Content/_Asset/Anim/EnemyCharacter/TwoHanded_RTG/Hit/AM_TwoHanded_Hit_L_Montage_Enemy.uexp" 1310
"D:/Unreal Projects/ProjectA/Content/_Asset/Anim/PlayerCharacter/TwoHanded_RTG/Hit/TwoHanded_Hit_R.uasset" 1311
"D:/Unreal Projects/ProjectA/Content/_Asset/Anim/PlayerCharacter/TwoHanded_RTG/Hit/TwoHanded_Hit_R.uexp" 1312
"D:/Unreal Projects/ProjectA/Content/_Asset/Anim/EnemyCharacter/TwoHanded_RTG/Hit/AM_TwoHanded_Hit_R_Montage_Enemy.uasset" 1313
"D:/Unreal Projects/ProjectA/Content/_Asset/Anim/EnemyCharacter/TwoHanded_RTG/Hit/AM_TwoHanded_Hit_R_Montage_Enemy.uexp" 1314
"../../../Engine/Plugins/FX/Niagara/Content/VectorFields/Assets/TilingCurl32.uasset" 1315
"../../../Engine/Plugins/FX/Niagara/Content/VectorFields/Assets/TilingCurl32.uexp" 1316
"D:/Unreal Projects/ProjectA/Content/_Asset/SFX/SwordTrailVFX/Materials/M_DefaultSprite.uasset" 1317
"D:/Unreal Projects/ProjectA/Content/_Asset/SFX/SwordTrailVFX/Materials/M_DefaultSprite.uexp" 1318
"../../../Engine/Content/Functions/Engine_MaterialFunctions02/HueShift.uasset" 1319
"../../../Engine/Content/Functions/Engine_MaterialFunctions02/HueShift.uexp" 1320
"D:/Unreal Projects/ProjectA/Content/_Asset/SFX/SwordTrailVFX/Textures/Mask/T_TrailMask_04.ubulk" 1321
"D:/Unreal Projects/ProjectA/Content/_Asset/SFX/SwordTrailVFX/Textures/Mask/T_TrailMask_04.uasset" 1322
"D:/Unreal Projects/ProjectA/Content/_Asset/SFX/SwordTrailVFX/Textures/Mask/T_TrailMask_04.uexp" 1323
"D:/Unreal Projects/ProjectA/Content/_Asset/SFX/SwordTrailVFX/Textures/Mask/T_TrailMask_05.ubulk" 1324
"D:/Unreal Projects/ProjectA/Content/_Asset/SFX/SwordTrailVFX/Textures/Mask/T_TrailMask_05.uasset" 1325
"D:/Unreal Projects/ProjectA/Content/_Asset/SFX/SwordTrailVFX/Textures/Mask/T_TrailMask_05.uexp" 1326
"D:/Unreal Projects/ProjectA/Content/_Asset/SFX/SwordTrailVFX/Textures/Mask/T_TrailMask_06.ubulk" 1327
"D:/Unreal Projects/ProjectA/Content/_Asset/SFX/SwordTrailVFX/Textures/Mask/T_TrailMask_06.uasset" 1328
"D:/Unreal Projects/ProjectA/Content/_Asset/SFX/SwordTrailVFX/Textures/Mask/T_TrailMask_06.uexp" 1329
"D:/Unreal Projects/ProjectA/Content/_Asset/SFX/SwordTrailVFX/Textures/RTs/RT_Draw_N_01.uasset" 1330
"D:/Unreal Projects/ProjectA/Content/_Asset/SFX/SwordTrailVFX/Textures/RTs/RT_Draw_N_01.uexp" 1331
"D:/Unreal Projects/ProjectA/Content/_Asset/SFX/SwordTrailVFX/Materials/M_Trail_Color.uasset" 1332
"D:/Unreal Projects/ProjectA/Content/_Asset/SFX/SwordTrailVFX/Materials/M_Trail_Color.uexp" 1333
"D:/Unreal Projects/ProjectA/Content/_Asset/SFX/SwordTrailVFX/Textures/Mask/T_TrailMask_01.ubulk" 1334
"D:/Unreal Projects/ProjectA/Content/_Asset/SFX/SwordTrailVFX/Textures/Mask/T_TrailMask_01.uasset" 1335
"D:/Unreal Projects/ProjectA/Content/_Asset/SFX/SwordTrailVFX/Textures/Mask/T_TrailMask_01.uexp" 1336
"D:/Unreal Projects/ProjectA/Content/_Asset/SFX/SwordTrailVFX/Materials/Trails_MI/MI_Trail_Color_08.uasset" 1337
"D:/Unreal Projects/ProjectA/Content/_Asset/SFX/SwordTrailVFX/Materials/Trails_MI/MI_Trail_Color_08.uexp" 1338
"D:/Unreal Projects/ProjectA/Content/_Asset/SFX/SwordTrailVFX/Textures/T_Base_LC.ubulk" 1339
"D:/Unreal Projects/ProjectA/Content/_Asset/SFX/SwordTrailVFX/Textures/T_Base_LC.uasset" 1340
"D:/Unreal Projects/ProjectA/Content/_Asset/SFX/SwordTrailVFX/Textures/T_Base_LC.uexp" 1341
"D:/Unreal Projects/ProjectA/Content/_Asset/SFX/SwordTrailVFX/Textures/Mask/T_TrailMask_17.ubulk" 1342
"D:/Unreal Projects/ProjectA/Content/_Asset/SFX/SwordTrailVFX/Textures/Mask/T_TrailMask_17.uasset" 1343
"D:/Unreal Projects/ProjectA/Content/_Asset/SFX/SwordTrailVFX/Textures/Mask/T_TrailMask_17.uexp" 1344
"D:/Unreal Projects/ProjectA/Content/_Asset/SFX/SwordTrailVFX/Materials/Trails_MI/MI_Trail_Color_13.uasset" 1345
"D:/Unreal Projects/ProjectA/Content/_Asset/SFX/SwordTrailVFX/Materials/Trails_MI/MI_Trail_Color_13.uexp" 1346
"D:/Unreal Projects/ProjectA/Content/_Asset/SFX/SwordTrailVFX/VFX/NS_Trail_10.uasset" 1347
"D:/Unreal Projects/ProjectA/Content/_Asset/SFX/SwordTrailVFX/VFX/NS_Trail_10.uexp" 1348
"D:/Unreal Projects/ProjectA/Content/_Asset/SFX/Hammer/A_Hammer_Swing01.ubulk" 1349
"D:/Unreal Projects/ProjectA/Content/_Asset/SFX/Hammer/A_Hammer_Swing01.uasset" 1350
"D:/Unreal Projects/ProjectA/Content/_Asset/SFX/Hammer/A_Hammer_Swing01.uexp" 1351
"D:/Unreal Projects/ProjectA/Content/_Asset/SFX/Hammer/A_Hammer_Swing02.ubulk" 1352
"D:/Unreal Projects/ProjectA/Content/_Asset/SFX/Hammer/A_Hammer_Swing02.uasset" 1353
"D:/Unreal Projects/ProjectA/Content/_Asset/SFX/Hammer/A_Hammer_Swing02.uexp" 1354
"D:/Unreal Projects/ProjectA/Content/_Asset/SFX/Hammer/A_Hammer_Swing03.ubulk" 1355
"D:/Unreal Projects/ProjectA/Content/_Asset/SFX/Hammer/A_Hammer_Swing03.uasset" 1356
"D:/Unreal Projects/ProjectA/Content/_Asset/SFX/Hammer/A_Hammer_Swing03.uexp" 1357
"D:/Unreal Projects/ProjectA/Content/_Asset/SFX/Hammer/A_Hammer_Swing_Cue.uasset" 1358
"D:/Unreal Projects/ProjectA/Content/_Asset/SFX/Hammer/A_Hammer_Swing_Cue.uexp" 1359
"D:/Unreal Projects/ProjectA/Content/_Asset/Anim/PlayerCharacter/TwoHanded_RTG/Attack/Light_Attack/TwoHanded_Light_Attack01.uasset" 1360
"D:/Unreal Projects/ProjectA/Content/_Asset/Anim/PlayerCharacter/TwoHanded_RTG/Attack/Light_Attack/TwoHanded_Light_Attack01.uexp" 1361
"D:/Unreal Projects/ProjectA/Content/_Asset/Anim/EnemyCharacter/TwoHanded_RTG/Attack/Light_Attack/AM_TwoHanded_Light_Attack01_Montage_Enemy.uasset" 1362
"D:/Unreal Projects/ProjectA/Content/_Asset/Anim/EnemyCharacter/TwoHanded_RTG/Attack/Light_Attack/AM_TwoHanded_Light_Attack01_Montage_Enemy.uexp" 1363
"D:/Unreal Projects/ProjectA/Content/_Asset/SFX/SwordTrailVFX/Materials/Trails_MI/MI_Trail_Color_10.uasset" 1364
"D:/Unreal Projects/ProjectA/Content/_Asset/SFX/SwordTrailVFX/Materials/Trails_MI/MI_Trail_Color_10.uexp" 1365
"D:/Unreal Projects/ProjectA/Content/_Asset/SFX/SwordTrailVFX/VFX/NS_Trail_11.uasset" 1366
"D:/Unreal Projects/ProjectA/Content/_Asset/SFX/SwordTrailVFX/VFX/NS_Trail_11.uexp" 1367
"D:/Unreal Projects/ProjectA/Content/_Asset/Anim/PlayerCharacter/TwoHanded_RTG/Attack/Light_Attack/TwoHanded_Light_Attack02.uasset" 1368
"D:/Unreal Projects/ProjectA/Content/_Asset/Anim/PlayerCharacter/TwoHanded_RTG/Attack/Light_Attack/TwoHanded_Light_Attack02.uexp" 1369
"D:/Unreal Projects/ProjectA/Content/_Asset/Anim/EnemyCharacter/TwoHanded_RTG/Attack/Light_Attack/AM_TwoHanded_Light_Attack02_Montage_Enemy.uasset" 1370
"D:/Unreal Projects/ProjectA/Content/_Asset/Anim/EnemyCharacter/TwoHanded_RTG/Attack/Light_Attack/AM_TwoHanded_Light_Attack02_Montage_Enemy.uexp" 1371
"D:/Unreal Projects/ProjectA/Content/_Asset/SFX/SwordTrailVFX/Materials/Trails_MI/MI_Trail_Color_14.uasset" 1372
"D:/Unreal Projects/ProjectA/Content/_Asset/SFX/SwordTrailVFX/Materials/Trails_MI/MI_Trail_Color_14.uexp" 1373
"D:/Unreal Projects/ProjectA/Content/_Asset/SFX/SwordTrailVFX/VFX/NS_Trail_12.uasset" 1374
"D:/Unreal Projects/ProjectA/Content/_Asset/SFX/SwordTrailVFX/VFX/NS_Trail_12.uexp" 1375
"D:/Unreal Projects/ProjectA/Content/_Asset/Anim/PlayerCharacter/TwoHanded_RTG/Attack/Light_Attack/TwoHanded_Light_Attack03.uasset" 1376
"D:/Unreal Projects/ProjectA/Content/_Asset/Anim/PlayerCharacter/TwoHanded_RTG/Attack/Light_Attack/TwoHanded_Light_Attack03.uexp" 1377
"D:/Unreal Projects/ProjectA/Content/_Asset/Anim/EnemyCharacter/TwoHanded_RTG/Attack/Light_Attack/AM_TwoHanded_Light_Attack03_Montage_Enemy.uasset" 1378
"D:/Unreal Projects/ProjectA/Content/_Asset/Anim/EnemyCharacter/TwoHanded_RTG/Attack/Light_Attack/AM_TwoHanded_Light_Attack03_Montage_Enemy.uexp" 1379
"D:/Unreal Projects/ProjectA/Content/_Asset/Anim/PlayerCharacter/TwoHanded_RTG/Attack/Special_Attack/TwoHanded_SPAttack1.uasset" 1380
"D:/Unreal Projects/ProjectA/Content/_Asset/Anim/PlayerCharacter/TwoHanded_RTG/Attack/Special_Attack/TwoHanded_SPAttack1.uexp" 1381
"D:/Unreal Projects/ProjectA/Content/_Asset/Anim/EnemyCharacter/TwoHanded_RTG/Attack/Special_Attack/AM_TwoHanded_SPAttack1_Montage_Enemy.uasset" 1382
"D:/Unreal Projects/ProjectA/Content/_Asset/Anim/EnemyCharacter/TwoHanded_RTG/Attack/Special_Attack/AM_TwoHanded_SPAttack1_Montage_Enemy.uexp" 1383
"D:/Unreal Projects/ProjectA/Content/_Game/Data/DA_TwoHanded_Enemy.uasset" 1384
"D:/Unreal Projects/ProjectA/Content/_Game/Data/DA_TwoHanded_Enemy.uexp" 1385
"D:/Unreal Projects/ProjectA/Content/_Game/Blueprints/Equipments/Weapons/Enemy/BP_Hyeobdo_Enemy.uasset" 1386
"D:/Unreal Projects/ProjectA/Content/_Game/Blueprints/Equipments/Weapons/Enemy/BP_Hyeobdo_Enemy.uexp" 1387
"D:/Unreal Projects/ProjectA/Content/_Game/Blueprints/Character/BP_EnemyCharacter.uasset" 1388
"D:/Unreal Projects/ProjectA/Content/_Game/Blueprints/Character/BP_EnemyCharacter.uexp" 1389
"D:/Unreal Projects/ProjectA/Content/_Game/UI/WBP_TextWidget.uasset" 1390
"D:/Unreal Projects/ProjectA/Content/_Game/UI/WBP_TextWidget.uexp" 1391
"D:/Unreal Projects/ProjectA/Content/_Game/Blueprints/Equipments/Items/BP_Pickup.uasset" 1392
"D:/Unreal Projects/ProjectA/Content/_Game/Blueprints/Equipments/Items/BP_Pickup.uexp" 1393
"D:/Unreal Projects/ProjectA/Content/_Asset/Anim/PlayerCharacter/Sword_and_Shield_RTG/Hit/Hit_Large_Back.uasset" 1394
"D:/Unreal Projects/ProjectA/Content/_Asset/Anim/PlayerCharacter/Sword_and_Shield_RTG/Hit/Hit_Large_Back.uexp" 1395
"D:/Unreal Projects/ProjectA/Content/_Asset/Anim/PlayerCharacter/Sword_and_Shield_RTG/Hit/AM_Hit_Large_Back_Montage.uasset" 1396
"D:/Unreal Projects/ProjectA/Content/_Asset/Anim/PlayerCharacter/Sword_and_Shield_RTG/Hit/AM_Hit_Large_Back_Montage.uexp" 1397
"D:/Unreal Projects/ProjectA/Content/_Asset/Anim/PlayerCharacter/Sword_and_Shield_RTG/Hit/Hit_Large_Front.uasset" 1398
"D:/Unreal Projects/ProjectA/Content/_Asset/Anim/PlayerCharacter/Sword_and_Shield_RTG/Hit/Hit_Large_Front.uexp" 1399
"D:/Unreal Projects/ProjectA/Content/_Asset/Anim/PlayerCharacter/Sword_and_Shield_RTG/Hit/AM_Hit_Large_Front_Montage.uasset" 1400
"D:/Unreal Projects/ProjectA/Content/_Asset/Anim/PlayerCharacter/Sword_and_Shield_RTG/Hit/AM_Hit_Large_Front_Montage.uexp" 1401
"D:/Unreal Projects/ProjectA/Content/_Asset/Anim/PlayerCharacter/Sword_and_Shield_RTG/Hit/Hit_Left.uasset" 1402
"D:/Unreal Projects/ProjectA/Content/_Asset/Anim/PlayerCharacter/Sword_and_Shield_RTG/Hit/Hit_Left.uexp" 1403
"D:/Unreal Projects/ProjectA/Content/_Asset/Anim/PlayerCharacter/Sword_and_Shield_RTG/Hit/AM_Hit_Left_Montage.uasset" 1404
"D:/Unreal Projects/ProjectA/Content/_Asset/Anim/PlayerCharacter/Sword_and_Shield_RTG/Hit/AM_Hit_Left_Montage.uexp" 1405
"D:/Unreal Projects/ProjectA/Content/_Asset/Anim/PlayerCharacter/Sword_and_Shield_RTG/Hit/Hit_Right.uasset" 1406
"D:/Unreal Projects/ProjectA/Content/_Asset/Anim/PlayerCharacter/Sword_and_Shield_RTG/Hit/Hit_Right.uexp" 1407
"D:/Unreal Projects/ProjectA/Content/_Asset/Anim/PlayerCharacter/Sword_and_Shield_RTG/Hit/AM_Hit_Right_Montage.uasset" 1408
"D:/Unreal Projects/ProjectA/Content/_Asset/Anim/PlayerCharacter/Sword_and_Shield_RTG/Hit/AM_Hit_Right_Montage.uexp" 1409
"D:/Unreal Projects/ProjectA/Content/_Asset/SFX/Weapon/A_Sword_Swing01.ubulk" 1410
"D:/Unreal Projects/ProjectA/Content/_Asset/SFX/Weapon/A_Sword_Swing01.uasset" 1411
"D:/Unreal Projects/ProjectA/Content/_Asset/SFX/Weapon/A_Sword_Swing01.uexp" 1412
"D:/Unreal Projects/ProjectA/Content/_Asset/SFX/Weapon/A_Sword_Swing02.ubulk" 1413
"D:/Unreal Projects/ProjectA/Content/_Asset/SFX/Weapon/A_Sword_Swing02.uasset" 1414
"D:/Unreal Projects/ProjectA/Content/_Asset/SFX/Weapon/A_Sword_Swing02.uexp" 1415
"D:/Unreal Projects/ProjectA/Content/_Asset/SFX/Weapon/A_Sword_Swing03.ubulk" 1416
"D:/Unreal Projects/ProjectA/Content/_Asset/SFX/Weapon/A_Sword_Swing03.uasset" 1417
"D:/Unreal Projects/ProjectA/Content/_Asset/SFX/Weapon/A_Sword_Swing03.uexp" 1418
"D:/Unreal Projects/ProjectA/Content/_Asset/SFX/Weapon/A_Sword_Swing_Cue.uasset" 1419
"D:/Unreal Projects/ProjectA/Content/_Asset/SFX/Weapon/A_Sword_Swing_Cue.uexp" 1420
"D:/Unreal Projects/ProjectA/Content/_Asset/Anim/PlayerCharacter/Sword_and_Shield_RTG/Attack/ComboAttack_Light/Combo_Attack_Light_01.uasset" 1421
"D:/Unreal Projects/ProjectA/Content/_Asset/Anim/PlayerCharacter/Sword_and_Shield_RTG/Attack/ComboAttack_Light/Combo_Attack_Light_01.uexp" 1422
"D:/Unreal Projects/ProjectA/Content/_Asset/Anim/PlayerCharacter/Sword_and_Shield_RTG/Attack/ComboAttack_Light/AM_Combo_Attack_Light_01_Montage.uasset" 1423
"D:/Unreal Projects/ProjectA/Content/_Asset/Anim/PlayerCharacter/Sword_and_Shield_RTG/Attack/ComboAttack_Light/AM_Combo_Attack_Light_01_Montage.uexp" 1424
"D:/Unreal Projects/ProjectA/Content/_Asset/Anim/PlayerCharacter/Sword_and_Shield_RTG/Attack/ComboAttack_Light/Combo_Attack_Light_02.uasset" 1425
"D:/Unreal Projects/ProjectA/Content/_Asset/Anim/PlayerCharacter/Sword_and_Shield_RTG/Attack/ComboAttack_Light/Combo_Attack_Light_02.uexp" 1426
"D:/Unreal Projects/ProjectA/Content/_Asset/Anim/PlayerCharacter/Sword_and_Shield_RTG/Attack/ComboAttack_Light/AM_Combo_Attack_Light_02_Montage.uasset" 1427
"D:/Unreal Projects/ProjectA/Content/_Asset/Anim/PlayerCharacter/Sword_and_Shield_RTG/Attack/ComboAttack_Light/AM_Combo_Attack_Light_02_Montage.uexp" 1428
"D:/Unreal Projects/ProjectA/Content/_Asset/Anim/PlayerCharacter/Sword_and_Shield_RTG/Attack/ComboAttack_Light/Combo_Attack_Light_03.uasset" 1429
"D:/Unreal Projects/ProjectA/Content/_Asset/Anim/PlayerCharacter/Sword_and_Shield_RTG/Attack/ComboAttack_Light/Combo_Attack_Light_03.uexp" 1430
"D:/Unreal Projects/ProjectA/Content/_Asset/Anim/PlayerCharacter/Sword_and_Shield_RTG/Attack/ComboAttack_Light/AM_Combo_Attack_Light_03_Montage.uasset" 1431
"D:/Unreal Projects/ProjectA/Content/_Asset/Anim/PlayerCharacter/Sword_and_Shield_RTG/Attack/ComboAttack_Light/AM_Combo_Attack_Light_03_Montage.uexp" 1432
"D:/Unreal Projects/ProjectA/Content/_Asset/Anim/PlayerCharacter/Sword_and_Shield_RTG/Attack/ComboAttack_Light/Combo_Attack_Light_04.uasset" 1433
"D:/Unreal Projects/ProjectA/Content/_Asset/Anim/PlayerCharacter/Sword_and_Shield_RTG/Attack/ComboAttack_Light/Combo_Attack_Light_04.uexp" 1434
"D:/Unreal Projects/ProjectA/Content/_Asset/Anim/PlayerCharacter/Sword_and_Shield_RTG/Attack/ComboAttack_Light/AM_Combo_Attack_Light_04_Montage.uasset" 1435
"D:/Unreal Projects/ProjectA/Content/_Asset/Anim/PlayerCharacter/Sword_and_Shield_RTG/Attack/ComboAttack_Light/AM_Combo_Attack_Light_04_Montage.uexp" 1436
"D:/Unreal Projects/ProjectA/Content/_Asset/Anim/PlayerCharacter/Sword_and_Shield_RTG/Attack/Dash_Attack/Dash_Air_Attack.uasset" 1437
"D:/Unreal Projects/ProjectA/Content/_Asset/Anim/PlayerCharacter/Sword_and_Shield_RTG/Attack/Dash_Attack/Dash_Air_Attack.uexp" 1438
"D:/Unreal Projects/ProjectA/Content/_Asset/Anim/PlayerCharacter/Sword_and_Shield_RTG/Attack/Dash_Attack/AM_Dash_Air_Attack_Montage.uasset" 1439
"D:/Unreal Projects/ProjectA/Content/_Asset/Anim/PlayerCharacter/Sword_and_Shield_RTG/Attack/Dash_Attack/AM_Dash_Air_Attack_Montage.uexp" 1440
"D:/Unreal Projects/ProjectA/Content/Essential_Foosteps_SK/WAV/Snow/Footstep_Snow_Jump_1.ubulk" 1441
"D:/Unreal Projects/ProjectA/Content/Essential_Foosteps_SK/WAV/Snow/Footstep_Snow_Jump_1.uasset" 1442
"D:/Unreal Projects/ProjectA/Content/Essential_Foosteps_SK/WAV/Snow/Footstep_Snow_Jump_1.uexp" 1443
"D:/Unreal Projects/ProjectA/Content/Essential_Foosteps_SK/WAV/Snow/Footstep_Snow_Jump_2.ubulk" 1444
"D:/Unreal Projects/ProjectA/Content/Essential_Foosteps_SK/WAV/Snow/Footstep_Snow_Jump_2.uasset" 1445
"D:/Unreal Projects/ProjectA/Content/Essential_Foosteps_SK/WAV/Snow/Footstep_Snow_Jump_2.uexp" 1446
"D:/Unreal Projects/ProjectA/Content/Essential_Foosteps_SK/WAV/Snow/Footstep_Snow_Jump_3.ubulk" 1447
"D:/Unreal Projects/ProjectA/Content/Essential_Foosteps_SK/WAV/Snow/Footstep_Snow_Jump_3.uasset" 1448
"D:/Unreal Projects/ProjectA/Content/Essential_Foosteps_SK/WAV/Snow/Footstep_Snow_Jump_3.uexp" 1449
"D:/Unreal Projects/ProjectA/Content/Essential_Foosteps_SK/WAV/Snow/Footstep_Snow_Jump_4.ubulk" 1450
"D:/Unreal Projects/ProjectA/Content/Essential_Foosteps_SK/WAV/Snow/Footstep_Snow_Jump_4.uasset" 1451
"D:/Unreal Projects/ProjectA/Content/Essential_Foosteps_SK/WAV/Snow/Footstep_Snow_Jump_4.uexp" 1452
"D:/Unreal Projects/ProjectA/Content/Essential_Foosteps_SK/CUE/Snow/Footstep_Snow_Jump_1_Cue.uasset" 1453
"D:/Unreal Projects/ProjectA/Content/Essential_Foosteps_SK/CUE/Snow/Footstep_Snow_Jump_1_Cue.uexp" 1454
"D:/Unreal Projects/ProjectA/Content/_Asset/Anim/PlayerCharacter/Sword_and_Shield_RTG/Roll/Roll_Combat/Roll_Combat_F_0.uasset" 1455
"D:/Unreal Projects/ProjectA/Content/_Asset/Anim/PlayerCharacter/Sword_and_Shield_RTG/Roll/Roll_Combat/Roll_Combat_F_0.uexp" 1456
"D:/Unreal Projects/ProjectA/Content/_Asset/Anim/PlayerCharacter/Sword_and_Shield_RTG/Roll/Roll_Combat/AM_Roll_Combat_F_0_Montage.uasset" 1457
"D:/Unreal Projects/ProjectA/Content/_Asset/Anim/PlayerCharacter/Sword_and_Shield_RTG/Roll/Roll_Combat/AM_Roll_Combat_F_0_Montage.uexp" 1458
"D:/Unreal Projects/ProjectA/Content/_Asset/Anim/PlayerCharacter/Sword_and_Shield_RTG/Idle/Idle_Equip.uasset" 1459
"D:/Unreal Projects/ProjectA/Content/_Asset/Anim/PlayerCharacter/Sword_and_Shield_RTG/Idle/Idle_Equip.uexp" 1460
"D:/Unreal Projects/ProjectA/Content/_Asset/Anim/PlayerCharacter/Sword_and_Shield_RTG/Idle/AM_Idle_Equip_Montage.uasset" 1461
"D:/Unreal Projects/ProjectA/Content/_Asset/Anim/PlayerCharacter/Sword_and_Shield_RTG/Idle/AM_Idle_Equip_Montage.uexp" 1462
"D:/Unreal Projects/ProjectA/Content/_Asset/Anim/PlayerCharacter/Sword_and_Shield_RTG/Idle/Idle_Unequip.uasset" 1463
"D:/Unreal Projects/ProjectA/Content/_Asset/Anim/PlayerCharacter/Sword_and_Shield_RTG/Idle/Idle_Unequip.uexp" 1464
"D:/Unreal Projects/ProjectA/Content/_Asset/Anim/PlayerCharacter/Sword_and_Shield_RTG/Idle/AM_Idle_Unequip_Montage.uasset" 1465
"D:/Unreal Projects/ProjectA/Content/_Asset/Anim/PlayerCharacter/Sword_and_Shield_RTG/Idle/AM_Idle_Unequip_Montage.uexp" 1466
"D:/Unreal Projects/ProjectA/Content/_Asset/Anim/PlayerCharacter/Sword_and_Shield_RTG/Attack/ComboAttack_Heavy/Combo_Attack_Heavy_01.uasset" 1467
"D:/Unreal Projects/ProjectA/Content/_Asset/Anim/PlayerCharacter/Sword_and_Shield_RTG/Attack/ComboAttack_Heavy/Combo_Attack_Heavy_01.uexp" 1468
"D:/Unreal Projects/ProjectA/Content/_Asset/Anim/PlayerCharacter/Sword_and_Shield_RTG/Attack/ComboAttack_Heavy/AM_Combo_Attack_Heavy_01_Montage.uasset" 1469
"D:/Unreal Projects/ProjectA/Content/_Asset/Anim/PlayerCharacter/Sword_and_Shield_RTG/Attack/ComboAttack_Heavy/AM_Combo_Attack_Heavy_01_Montage.uexp" 1470
"D:/Unreal Projects/ProjectA/Content/_Asset/Anim/PlayerCharacter/Sword_and_Shield_RTG/Attack/ComboAttack_Heavy/Combo_Attack_Heavy_02.uasset" 1471
"D:/Unreal Projects/ProjectA/Content/_Asset/Anim/PlayerCharacter/Sword_and_Shield_RTG/Attack/ComboAttack_Heavy/Combo_Attack_Heavy_02.uexp" 1472
"D:/Unreal Projects/ProjectA/Content/_Asset/Anim/PlayerCharacter/Sword_and_Shield_RTG/Attack/ComboAttack_Heavy/AM_Combo_Attack_Heavy_02_Montage.uasset" 1473
"D:/Unreal Projects/ProjectA/Content/_Asset/Anim/PlayerCharacter/Sword_and_Shield_RTG/Attack/ComboAttack_Heavy/AM_Combo_Attack_Heavy_02_Montage.uexp" 1474
"D:/Unreal Projects/ProjectA/Content/_Asset/Anim/PlayerCharacter/Sword_and_Shield_RTG/Attack/ComboAttack_Heavy/Combo_Attack_Heavy_03.uasset" 1475
"D:/Unreal Projects/ProjectA/Content/_Asset/Anim/PlayerCharacter/Sword_and_Shield_RTG/Attack/ComboAttack_Heavy/Combo_Attack_Heavy_03.uexp" 1476
"D:/Unreal Projects/ProjectA/Content/_Asset/Anim/PlayerCharacter/Sword_and_Shield_RTG/Attack/ComboAttack_Heavy/AM_Combo_Attack_Heavy_03_Montage.uasset" 1477
"D:/Unreal Projects/ProjectA/Content/_Asset/Anim/PlayerCharacter/Sword_and_Shield_RTG/Attack/ComboAttack_Heavy/AM_Combo_Attack_Heavy_03_Montage.uexp" 1478
"D:/Unreal Projects/ProjectA/Content/_Asset/Anim/PlayerCharacter/Sword_and_Shield_RTG/Attack/ComboAttack_Heavy/Combo_Attack_Heavy_04.uasset" 1479
"D:/Unreal Projects/ProjectA/Content/_Asset/Anim/PlayerCharacter/Sword_and_Shield_RTG/Attack/ComboAttack_Heavy/Combo_Attack_Heavy_04.uexp" 1480
"D:/Unreal Projects/ProjectA/Content/_Asset/Anim/PlayerCharacter/Sword_and_Shield_RTG/Attack/ComboAttack_Heavy/AM_Combo_Attack_Heavy_04_Montage.uasset" 1481
"D:/Unreal Projects/ProjectA/Content/_Asset/Anim/PlayerCharacter/Sword_and_Shield_RTG/Attack/ComboAttack_Heavy/AM_Combo_Attack_Heavy_04_Montage.uexp" 1482
"D:/Unreal Projects/ProjectA/Content/_Asset/Anim/PlayerCharacter/Sword_and_Shield_RTG/Attack/Run_Attack/Run_Attack.uasset" 1483
"D:/Unreal Projects/ProjectA/Content/_Asset/Anim/PlayerCharacter/Sword_and_Shield_RTG/Attack/Run_Attack/Run_Attack.uexp" 1484
"D:/Unreal Projects/ProjectA/Content/_Asset/Anim/PlayerCharacter/Sword_and_Shield_RTG/Attack/Run_Attack/AM_Run_Attack_Montage.uasset" 1485
"D:/Unreal Projects/ProjectA/Content/_Asset/Anim/PlayerCharacter/Sword_and_Shield_RTG/Attack/Run_Attack/AM_Run_Attack_Montage.uexp" 1486
"D:/Unreal Projects/ProjectA/Content/_Asset/Anim/PlayerCharacter/Sword_and_Shield_RTG/Blocking/Block_Hit.uasset" 1487
"D:/Unreal Projects/ProjectA/Content/_Asset/Anim/PlayerCharacter/Sword_and_Shield_RTG/Blocking/Block_Hit.uexp" 1488
"D:/Unreal Projects/ProjectA/Content/_Asset/Anim/PlayerCharacter/Sword_and_Shield_RTG/Blocking/AM_Block_Hit.uasset" 1489
"D:/Unreal Projects/ProjectA/Content/_Asset/Anim/PlayerCharacter/Sword_and_Shield_RTG/Blocking/AM_Block_Hit.uexp" 1490
"D:/Unreal Projects/ProjectA/Content/_Asset/Anim/PlayerCharacter/Sword_and_Shield_RTG/Parry/Parry_L.uasset" 1491
"D:/Unreal Projects/ProjectA/Content/_Asset/Anim/PlayerCharacter/Sword_and_Shield_RTG/Parry/Parry_L.uexp" 1492
"D:/Unreal Projects/ProjectA/Content/_Asset/Anim/PlayerCharacter/Sword_and_Shield_RTG/Parry/AM_Parry_L_Montage.uasset" 1493
"D:/Unreal Projects/ProjectA/Content/_Asset/Anim/PlayerCharacter/Sword_and_Shield_RTG/Parry/AM_Parry_L_Montage.uexp" 1494
"D:/Unreal Projects/ProjectA/Content/_Game/Data/DA_Sword_and_Shield.uasset" 1495
"D:/Unreal Projects/ProjectA/Content/_Game/Data/DA_Sword_and_Shield.uexp" 1496
"D:/Unreal Projects/ProjectA/Content/_Game/Blueprints/Equipments/Weapons/BP_Hwando.uasset" 1497
"D:/Unreal Projects/ProjectA/Content/_Game/Blueprints/Equipments/Weapons/BP_Hwando.uexp" 1498
"D:/Unreal Projects/ProjectA/Content/_Asset/Anim/PlayerCharacter/TwoHanded_RTG/Idle/TwoHanded_Equip.uasset" 1499
"D:/Unreal Projects/ProjectA/Content/_Asset/Anim/PlayerCharacter/TwoHanded_RTG/Idle/TwoHanded_Equip.uexp" 1500
"D:/Unreal Projects/ProjectA/Content/_Asset/Anim/PlayerCharacter/TwoHanded_RTG/Idle/AM_TwoHanded_Equip_Montage.uasset" 1501
"D:/Unreal Projects/ProjectA/Content/_Asset/Anim/PlayerCharacter/TwoHanded_RTG/Idle/AM_TwoHanded_Equip_Montage.uexp" 1502
"D:/Unreal Projects/ProjectA/Content/_Asset/Anim/PlayerCharacter/TwoHanded_RTG/Idle/TwoHanded_Unequip.uasset" 1503
"D:/Unreal Projects/ProjectA/Content/_Asset/Anim/PlayerCharacter/TwoHanded_RTG/Idle/TwoHanded_Unequip.uexp" 1504
"D:/Unreal Projects/ProjectA/Content/_Asset/Anim/PlayerCharacter/TwoHanded_RTG/Idle/AM_TwoHanded_Unequip_Montage.uasset" 1505
"D:/Unreal Projects/ProjectA/Content/_Asset/Anim/PlayerCharacter/TwoHanded_RTG/Idle/AM_TwoHanded_Unequip_Montage.uexp" 1506
"D:/Unreal Projects/ProjectA/Content/_Asset/Anim/PlayerCharacter/TwoHanded_RTG/Attack/Heavy_Attack/TwoHanded_Heavy_Attack01.uasset" 1507
"D:/Unreal Projects/ProjectA/Content/_Asset/Anim/PlayerCharacter/TwoHanded_RTG/Attack/Heavy_Attack/TwoHanded_Heavy_Attack01.uexp" 1508
"D:/Unreal Projects/ProjectA/Content/_Asset/Anim/PlayerCharacter/TwoHanded_RTG/Attack/Heavy_Attack/AM_TwoHanded_Heavy_Attack01_Montage.uasset" 1509
"D:/Unreal Projects/ProjectA/Content/_Asset/Anim/PlayerCharacter/TwoHanded_RTG/Attack/Heavy_Attack/AM_TwoHanded_Heavy_Attack01_Montage.uexp" 1510
"D:/Unreal Projects/ProjectA/Content/_Asset/Anim/PlayerCharacter/TwoHanded_RTG/Attack/Heavy_Attack/TwoHanded_Heavy_Attack02.uasset" 1511
"D:/Unreal Projects/ProjectA/Content/_Asset/Anim/PlayerCharacter/TwoHanded_RTG/Attack/Heavy_Attack/TwoHanded_Heavy_Attack02.uexp" 1512
"D:/Unreal Projects/ProjectA/Content/_Asset/Anim/PlayerCharacter/TwoHanded_RTG/Attack/Heavy_Attack/AM_TwoHanded_Heavy_Attack02_Montage.uasset" 1513
"D:/Unreal Projects/ProjectA/Content/_Asset/Anim/PlayerCharacter/TwoHanded_RTG/Attack/Heavy_Attack/AM_TwoHanded_Heavy_Attack02_Montage.uexp" 1514
"D:/Unreal Projects/ProjectA/Content/_Asset/Anim/PlayerCharacter/TwoHanded_RTG/Attack/Heavy_Attack/TwoHanded_Heavy_Attack03.uasset" 1515
"D:/Unreal Projects/ProjectA/Content/_Asset/Anim/PlayerCharacter/TwoHanded_RTG/Attack/Heavy_Attack/TwoHanded_Heavy_Attack03.uexp" 1516
"D:/Unreal Projects/ProjectA/Content/_Asset/Anim/PlayerCharacter/TwoHanded_RTG/Attack/Heavy_Attack/AM_TwoHanded_Heavy_Attack03_Montage.uasset" 1517
"D:/Unreal Projects/ProjectA/Content/_Asset/Anim/PlayerCharacter/TwoHanded_RTG/Attack/Heavy_Attack/AM_TwoHanded_Heavy_Attack03_Montage.uexp" 1518
"D:/Unreal Projects/ProjectA/Content/_Asset/Anim/PlayerCharacter/TwoHanded_RTG/Attack/Light_Attack/AM_TwoHanded_Light_Attack01_Montage.uasset" 1519
"D:/Unreal Projects/ProjectA/Content/_Asset/Anim/PlayerCharacter/TwoHanded_RTG/Attack/Light_Attack/AM_TwoHanded_Light_Attack01_Montage.uexp" 1520
"D:/Unreal Projects/ProjectA/Content/_Asset/Anim/PlayerCharacter/TwoHanded_RTG/Attack/Light_Attack/AM_TwoHanded_Light_Attack02_Montage.uasset" 1521
"D:/Unreal Projects/ProjectA/Content/_Asset/Anim/PlayerCharacter/TwoHanded_RTG/Attack/Light_Attack/AM_TwoHanded_Light_Attack02_Montage.uexp" 1522
"D:/Unreal Projects/ProjectA/Content/_Asset/Anim/PlayerCharacter/TwoHanded_RTG/Attack/Light_Attack/AM_TwoHanded_Light_Attack03_Montage.uasset" 1523
"D:/Unreal Projects/ProjectA/Content/_Asset/Anim/PlayerCharacter/TwoHanded_RTG/Attack/Light_Attack/AM_TwoHanded_Light_Attack03_Montage.uexp" 1524
"D:/Unreal Projects/ProjectA/Content/_Asset/Anim/PlayerCharacter/TwoHanded_RTG/Attack/Run_Attack/TwoHanded_Run_Attack.uasset" 1525
"D:/Unreal Projects/ProjectA/Content/_Asset/Anim/PlayerCharacter/TwoHanded_RTG/Attack/Run_Attack/TwoHanded_Run_Attack.uexp" 1526
"D:/Unreal Projects/ProjectA/Content/_Asset/Anim/PlayerCharacter/TwoHanded_RTG/Attack/Run_Attack/AM_TwoHanded_Run_Attack_Montage.uasset" 1527
"D:/Unreal Projects/ProjectA/Content/_Asset/Anim/PlayerCharacter/TwoHanded_RTG/Attack/Run_Attack/AM_TwoHanded_Run_Attack_Montage.uexp" 1528
"D:/Unreal Projects/ProjectA/Content/_Asset/Anim/PlayerCharacter/TwoHanded_RTG/Attack/Special_Attack/AM_TwoHanded_SPAttack1_Montage.uasset" 1529
"D:/Unreal Projects/ProjectA/Content/_Asset/Anim/PlayerCharacter/TwoHanded_RTG/Attack/Special_Attack/AM_TwoHanded_SPAttack1_Montage.uexp" 1530
"D:/Unreal Projects/ProjectA/Content/_Asset/Anim/PlayerCharacter/TwoHanded_RTG/Hit/AM_TwoHanded_Hit_B_Montage.uasset" 1531
"D:/Unreal Projects/ProjectA/Content/_Asset/Anim/PlayerCharacter/TwoHanded_RTG/Hit/AM_TwoHanded_Hit_B_Montage.uexp" 1532
"D:/Unreal Projects/ProjectA/Content/_Asset/Anim/PlayerCharacter/TwoHanded_RTG/Hit/AM_TwoHanded_Hit_F_Montage.uasset" 1533
"D:/Unreal Projects/ProjectA/Content/_Asset/Anim/PlayerCharacter/TwoHanded_RTG/Hit/AM_TwoHanded_Hit_F_Montage.uexp" 1534
"D:/Unreal Projects/ProjectA/Content/_Asset/Anim/PlayerCharacter/TwoHanded_RTG/Hit/AM_TwoHanded_Hit_L_Montage.uasset" 1535
"D:/Unreal Projects/ProjectA/Content/_Asset/Anim/PlayerCharacter/TwoHanded_RTG/Hit/AM_TwoHanded_Hit_L_Montage.uexp" 1536
"D:/Unreal Projects/ProjectA/Content/_Asset/Anim/PlayerCharacter/TwoHanded_RTG/Hit/AM_TwoHanded_Hit_R_Montage.uasset" 1537
"D:/Unreal Projects/ProjectA/Content/_Asset/Anim/PlayerCharacter/TwoHanded_RTG/Hit/AM_TwoHanded_Hit_R_Montage.uexp" 1538
"D:/Unreal Projects/ProjectA/Content/_Game/Data/DA_TwoHanded.uasset" 1539
"D:/Unreal Projects/ProjectA/Content/_Game/Data/DA_TwoHanded.uexp" 1540
"D:/Unreal Projects/ProjectA/Content/_Game/Blueprints/Equipments/Weapons/BP_Hyeobdo.uasset" 1541
"D:/Unreal Projects/ProjectA/Content/_Game/Blueprints/Equipments/Weapons/BP_Hyeobdo.uexp" 1542
"D:/Unreal Projects/ProjectA/Content/HwaseongHaenggung/Textures/T_DryGrass_BC.ubulk" 1543
"D:/Unreal Projects/ProjectA/Content/HwaseongHaenggung/Textures/T_DryGrass_BC.uasset" 1544
"D:/Unreal Projects/ProjectA/Content/HwaseongHaenggung/Textures/T_DryGrass_BC.uexp" 1545
"D:/Unreal Projects/ProjectA/Content/HwaseongHaenggung/Textures/T_DryGrass_N.ubulk" 1546
"D:/Unreal Projects/ProjectA/Content/HwaseongHaenggung/Textures/T_DryGrass_N.uasset" 1547
"D:/Unreal Projects/ProjectA/Content/HwaseongHaenggung/Textures/T_DryGrass_N.uexp" 1548
"D:/Unreal Projects/ProjectA/Content/HwaseongHaenggung/Textures/T_DryGrass_ORD.ubulk" 1549
"D:/Unreal Projects/ProjectA/Content/HwaseongHaenggung/Textures/T_DryGrass_ORD.uasset" 1550
"D:/Unreal Projects/ProjectA/Content/HwaseongHaenggung/Textures/T_DryGrass_ORD.uexp" 1551
"D:/Unreal Projects/ProjectA/Content/HwaseongHaenggung/Textures/T_Sand_BC.ubulk" 1552
"D:/Unreal Projects/ProjectA/Content/HwaseongHaenggung/Textures/T_Sand_BC.uasset" 1553
"D:/Unreal Projects/ProjectA/Content/HwaseongHaenggung/Textures/T_Sand_BC.uexp" 1554
"D:/Unreal Projects/ProjectA/Content/HwaseongHaenggung/Textures/T_Sand_N.ubulk" 1555
"D:/Unreal Projects/ProjectA/Content/HwaseongHaenggung/Textures/T_Sand_N.uasset" 1556
"D:/Unreal Projects/ProjectA/Content/HwaseongHaenggung/Textures/T_Sand_N.uexp" 1557
"D:/Unreal Projects/ProjectA/Content/HwaseongHaenggung/Textures/T_Sand_ORD.ubulk" 1558
"D:/Unreal Projects/ProjectA/Content/HwaseongHaenggung/Textures/T_Sand_ORD.uasset" 1559
"D:/Unreal Projects/ProjectA/Content/HwaseongHaenggung/Textures/T_Sand_ORD.uexp" 1560
"D:/Unreal Projects/ProjectA/Content/HwaseongHaenggung/Textures/T_WhiteSand_BC.ubulk" 1561
"D:/Unreal Projects/ProjectA/Content/HwaseongHaenggung/Textures/T_WhiteSand_BC.uasset" 1562
"D:/Unreal Projects/ProjectA/Content/HwaseongHaenggung/Textures/T_WhiteSand_BC.uexp" 1563
"D:/Unreal Projects/ProjectA/Content/HwaseongHaenggung/Material/Landscape/M_landscapemaster.uasset" 1564
"D:/Unreal Projects/ProjectA/Content/HwaseongHaenggung/Material/Landscape/M_landscapemaster.uexp" 1565
"D:/Unreal Projects/ProjectA/Content/HwaseongHaenggung/Textures/Placeholders/T_Master_M.ubulk" 1566
"D:/Unreal Projects/ProjectA/Content/HwaseongHaenggung/Textures/Placeholders/T_Master_M.uasset" 1567
"D:/Unreal Projects/ProjectA/Content/HwaseongHaenggung/Textures/Placeholders/T_Master_M.uexp" 1568
"D:/Unreal Projects/ProjectA/Content/HwaseongHaenggung/Textures/Placeholders/T_Master_N.ubulk" 1569
"D:/Unreal Projects/ProjectA/Content/HwaseongHaenggung/Textures/Placeholders/T_Master_N.uasset" 1570
"D:/Unreal Projects/ProjectA/Content/HwaseongHaenggung/Textures/Placeholders/T_Master_N.uexp" 1571
"D:/Unreal Projects/ProjectA/Content/HwaseongHaenggung/Textures/Placeholders/T_Master_R.ubulk" 1572
"D:/Unreal Projects/ProjectA/Content/HwaseongHaenggung/Textures/Placeholders/T_Master_R.uasset" 1573
"D:/Unreal Projects/ProjectA/Content/HwaseongHaenggung/Textures/Placeholders/T_Master_R.uexp" 1574
"D:/Unreal Projects/ProjectA/Content/HwaseongHaenggung/Textures/Placeholders/T_Master_BC.ubulk" 1575
"D:/Unreal Projects/ProjectA/Content/HwaseongHaenggung/Textures/Placeholders/T_Master_BC.uasset" 1576
"D:/Unreal Projects/ProjectA/Content/HwaseongHaenggung/Textures/Placeholders/T_Master_BC.uexp" 1577
"D:/Unreal Projects/ProjectA/Content/HwaseongHaenggung/Material/MasterMaterial/MM_DefaultSurfacePBR.uasset" 1578
"D:/Unreal Projects/ProjectA/Content/HwaseongHaenggung/Material/MasterMaterial/MM_DefaultSurfacePBR.uexp" 1579
"D:/Unreal Projects/ProjectA/Content/HwaseongHaenggung/Textures/T_KoreanStone_1_AO.ubulk" 1580
"D:/Unreal Projects/ProjectA/Content/HwaseongHaenggung/Textures/T_KoreanStone_1_AO.uasset" 1581
"D:/Unreal Projects/ProjectA/Content/HwaseongHaenggung/Textures/T_KoreanStone_1_AO.uexp" 1582
"D:/Unreal Projects/ProjectA/Content/HwaseongHaenggung/Textures/T_KoreanStone_1_BC.ubulk" 1583
"D:/Unreal Projects/ProjectA/Content/HwaseongHaenggung/Textures/T_KoreanStone_1_BC.uasset" 1584
"D:/Unreal Projects/ProjectA/Content/HwaseongHaenggung/Textures/T_KoreanStone_1_BC.uexp" 1585
"D:/Unreal Projects/ProjectA/Content/HwaseongHaenggung/Textures/T_KoreanStone_1_N.ubulk" 1586
"D:/Unreal Projects/ProjectA/Content/HwaseongHaenggung/Textures/T_KoreanStone_1_N.uasset" 1587
"D:/Unreal Projects/ProjectA/Content/HwaseongHaenggung/Textures/T_KoreanStone_1_N.uexp" 1588
"D:/Unreal Projects/ProjectA/Content/HwaseongHaenggung/Textures/T_KoreanStone_1_R.ubulk" 1589
"D:/Unreal Projects/ProjectA/Content/HwaseongHaenggung/Textures/T_KoreanStone_1_R.uasset" 1590
"D:/Unreal Projects/ProjectA/Content/HwaseongHaenggung/Textures/T_KoreanStone_1_R.uexp" 1591
"D:/Unreal Projects/ProjectA/Content/HwaseongHaenggung/Material/MI_KoreanStone_1.uasset" 1592
"D:/Unreal Projects/ProjectA/Content/HwaseongHaenggung/Material/MI_KoreanStone_1.uexp" 1593
"D:/Unreal Projects/ProjectA/Content/HwaseongHaenggung/Meshes/Lower_Parts/SM_M_SteppingStones.ubulk" 1594
"D:/Unreal Projects/ProjectA/Content/HwaseongHaenggung/Meshes/Lower_Parts/SM_M_SteppingStones.uasset" 1595
"D:/Unreal Projects/ProjectA/Content/HwaseongHaenggung/Meshes/Lower_Parts/SM_M_SteppingStones.uexp" 1596
"D:/Unreal Projects/ProjectA/Content/HwaseongHaenggung/Textures/T_KoreanBrick_2_AO.ubulk" 1597
"D:/Unreal Projects/ProjectA/Content/HwaseongHaenggung/Textures/T_KoreanBrick_2_AO.uasset" 1598
"D:/Unreal Projects/ProjectA/Content/HwaseongHaenggung/Textures/T_KoreanBrick_2_AO.uexp" 1599
"D:/Unreal Projects/ProjectA/Content/HwaseongHaenggung/Textures/T_KoreanBrick_2_BC.ubulk" 1600
"D:/Unreal Projects/ProjectA/Content/HwaseongHaenggung/Textures/T_KoreanBrick_2_BC.uasset" 1601
"D:/Unreal Projects/ProjectA/Content/HwaseongHaenggung/Textures/T_KoreanBrick_2_BC.uexp" 1602
"D:/Unreal Projects/ProjectA/Content/HwaseongHaenggung/Textures/T_KoreanBrick_2_H.ubulk" 1603
"D:/Unreal Projects/ProjectA/Content/HwaseongHaenggung/Textures/T_KoreanBrick_2_H.uasset" 1604
"D:/Unreal Projects/ProjectA/Content/HwaseongHaenggung/Textures/T_KoreanBrick_2_H.uexp" 1605
"D:/Unreal Projects/ProjectA/Content/HwaseongHaenggung/Textures/T_KoreanBrick_2_N.ubulk" 1606
"D:/Unreal Projects/ProjectA/Content/HwaseongHaenggung/Textures/T_KoreanBrick_2_N.uasset" 1607
"D:/Unreal Projects/ProjectA/Content/HwaseongHaenggung/Textures/T_KoreanBrick_2_N.uexp" 1608
"D:/Unreal Projects/ProjectA/Content/HwaseongHaenggung/Textures/T_KoreanBrick_2_R.ubulk" 1609
"D:/Unreal Projects/ProjectA/Content/HwaseongHaenggung/Textures/T_KoreanBrick_2_R.uasset" 1610
"D:/Unreal Projects/ProjectA/Content/HwaseongHaenggung/Textures/T_KoreanBrick_2_R.uexp" 1611
"D:/Unreal Projects/ProjectA/Content/HwaseongHaenggung/Material/MI_KoreanBrick_2.uasset" 1612
"D:/Unreal Projects/ProjectA/Content/HwaseongHaenggung/Material/MI_KoreanBrick_2.uexp" 1613
"D:/Unreal Projects/ProjectA/Content/HwaseongHaenggung/Textures/T_KoreanBrick_4_AO.ubulk" 1614
"D:/Unreal Projects/ProjectA/Content/HwaseongHaenggung/Textures/T_KoreanBrick_4_AO.uasset" 1615
"D:/Unreal Projects/ProjectA/Content/HwaseongHaenggung/Textures/T_KoreanBrick_4_AO.uexp" 1616
"D:/Unreal Projects/ProjectA/Content/HwaseongHaenggung/Textures/T_KoreanBrick_4_BC.ubulk" 1617
"D:/Unreal Projects/ProjectA/Content/HwaseongHaenggung/Textures/T_KoreanBrick_4_BC.uasset" 1618
"D:/Unreal Projects/ProjectA/Content/HwaseongHaenggung/Textures/T_KoreanBrick_4_BC.uexp" 1619
"D:/Unreal Projects/ProjectA/Content/HwaseongHaenggung/Textures/T_KoreanBrick_4_H.ubulk" 1620
"D:/Unreal Projects/ProjectA/Content/HwaseongHaenggung/Textures/T_KoreanBrick_4_H.uasset" 1621
"D:/Unreal Projects/ProjectA/Content/HwaseongHaenggung/Textures/T_KoreanBrick_4_H.uexp" 1622
"D:/Unreal Projects/ProjectA/Content/HwaseongHaenggung/Textures/T_KoreanBrick_4_N.ubulk" 1623
"D:/Unreal Projects/ProjectA/Content/HwaseongHaenggung/Textures/T_KoreanBrick_4_N.uasset" 1624
"D:/Unreal Projects/ProjectA/Content/HwaseongHaenggung/Textures/T_KoreanBrick_4_N.uexp" 1625
"D:/Unreal Projects/ProjectA/Content/HwaseongHaenggung/Textures/T_KoreanBrick_4_R.ubulk" 1626
"D:/Unreal Projects/ProjectA/Content/HwaseongHaenggung/Textures/T_KoreanBrick_4_R.uasset" 1627
"D:/Unreal Projects/ProjectA/Content/HwaseongHaenggung/Textures/T_KoreanBrick_4_R.uexp" 1628
"D:/Unreal Projects/ProjectA/Content/HwaseongHaenggung/Material/MI_KoreanBrick_4.uasset" 1629
"D:/Unreal Projects/ProjectA/Content/HwaseongHaenggung/Material/MI_KoreanBrick_4.uexp" 1630
"D:/Unreal Projects/ProjectA/Content/HwaseongHaenggung/Textures/T_Roof_AO.ubulk" 1631
"D:/Unreal Projects/ProjectA/Content/HwaseongHaenggung/Textures/T_Roof_AO.uasset" 1632
"D:/Unreal Projects/ProjectA/Content/HwaseongHaenggung/Textures/T_Roof_AO.uexp" 1633
"D:/Unreal Projects/ProjectA/Content/HwaseongHaenggung/Textures/T_Roof_BC.ubulk" 1634
"D:/Unreal Projects/ProjectA/Content/HwaseongHaenggung/Textures/T_Roof_BC.uasset" 1635
"D:/Unreal Projects/ProjectA/Content/HwaseongHaenggung/Textures/T_Roof_BC.uexp" 1636
"D:/Unreal Projects/ProjectA/Content/HwaseongHaenggung/Textures/T_Roof_N.ubulk" 1637
"D:/Unreal Projects/ProjectA/Content/HwaseongHaenggung/Textures/T_Roof_N.uasset" 1638
"D:/Unreal Projects/ProjectA/Content/HwaseongHaenggung/Textures/T_Roof_N.uexp" 1639
"D:/Unreal Projects/ProjectA/Content/HwaseongHaenggung/Textures/T_Roof_R.ubulk" 1640
"D:/Unreal Projects/ProjectA/Content/HwaseongHaenggung/Textures/T_Roof_R.uasset" 1641
"D:/Unreal Projects/ProjectA/Content/HwaseongHaenggung/Textures/T_Roof_R.uexp" 1642
"D:/Unreal Projects/ProjectA/Content/HwaseongHaenggung/Material/MI_R_Roof.uasset" 1643
"D:/Unreal Projects/ProjectA/Content/HwaseongHaenggung/Material/MI_R_Roof.uexp" 1644
"D:/Unreal Projects/ProjectA/Content/HwaseongHaenggung/Meshes/Lower_Parts/SM_StraightStronewall_1.ubulk" 1645
"D:/Unreal Projects/ProjectA/Content/HwaseongHaenggung/Meshes/Lower_Parts/SM_StraightStronewall_1.uasset" 1646
"D:/Unreal Projects/ProjectA/Content/HwaseongHaenggung/Meshes/Lower_Parts/SM_StraightStronewall_1.uexp" 1647
"D:/Unreal Projects/ProjectA/Content/HwaseongHaenggung/Meshes/Lower_Parts/SM_StraightStronewall_2.ubulk" 1648
"D:/Unreal Projects/ProjectA/Content/HwaseongHaenggung/Meshes/Lower_Parts/SM_StraightStronewall_2.uasset" 1649
"D:/Unreal Projects/ProjectA/Content/HwaseongHaenggung/Meshes/Lower_Parts/SM_StraightStronewall_2.uexp" 1650
"D:/Unreal Projects/ProjectA/Content/HwaseongHaenggung/Meshes/Lower_Parts/SM_W_Stone_1.ubulk" 1651
"D:/Unreal Projects/ProjectA/Content/HwaseongHaenggung/Meshes/Lower_Parts/SM_W_Stone_1.uasset" 1652
"D:/Unreal Projects/ProjectA/Content/HwaseongHaenggung/Meshes/Lower_Parts/SM_W_Stone_1.uexp" 1653
"D:/Unreal Projects/ProjectA/Content/HwaseongHaenggung/Meshes/Lower_Parts/SM_W_Stone_4.ubulk" 1654
"D:/Unreal Projects/ProjectA/Content/HwaseongHaenggung/Meshes/Lower_Parts/SM_W_Stone_4.uasset" 1655
"D:/Unreal Projects/ProjectA/Content/HwaseongHaenggung/Meshes/Lower_Parts/SM_W_Stone_4.uexp" 1656
"D:/Unreal Projects/ProjectA/Content/HwaseongHaenggung/Textures/Additions/T_Bark_BC.ubulk" 1657
"D:/Unreal Projects/ProjectA/Content/HwaseongHaenggung/Textures/Additions/T_Bark_BC.uasset" 1658
"D:/Unreal Projects/ProjectA/Content/HwaseongHaenggung/Textures/Additions/T_Bark_BC.uexp" 1659
"D:/Unreal Projects/ProjectA/Content/HwaseongHaenggung/Textures/Additions/T_Bark_N.ubulk" 1660
"D:/Unreal Projects/ProjectA/Content/HwaseongHaenggung/Textures/Additions/T_Bark_N.uasset" 1661
"D:/Unreal Projects/ProjectA/Content/HwaseongHaenggung/Textures/Additions/T_Bark_N.uexp" 1662
"D:/Unreal Projects/ProjectA/Content/HwaseongHaenggung/Textures/Additions/T_Bark_R.ubulk" 1663
"D:/Unreal Projects/ProjectA/Content/HwaseongHaenggung/Textures/Additions/T_Bark_R.uasset" 1664
"D:/Unreal Projects/ProjectA/Content/HwaseongHaenggung/Textures/Additions/T_Bark_R.uexp" 1665
"D:/Unreal Projects/ProjectA/Content/HwaseongHaenggung/Material/Additions/M_Bark_1.uasset" 1666
"D:/Unreal Projects/ProjectA/Content/HwaseongHaenggung/Material/Additions/M_Bark_1.uexp" 1667
"../../../Engine/Content/Functions/Engine_MaterialFunctions01/WorldPositionOffset/SimpleGrassWind.uasset" 1668
"../../../Engine/Content/Functions/Engine_MaterialFunctions01/WorldPositionOffset/SimpleGrassWind.uexp" 1669
"D:/Unreal Projects/ProjectA/Content/HwaseongHaenggung/Textures/Additions/T_Leaves_BC.ubulk" 1670
"D:/Unreal Projects/ProjectA/Content/HwaseongHaenggung/Textures/Additions/T_Leaves_BC.uasset" 1671
"D:/Unreal Projects/ProjectA/Content/HwaseongHaenggung/Textures/Additions/T_Leaves_BC.uexp" 1672
"D:/Unreal Projects/ProjectA/Content/HwaseongHaenggung/Textures/Additions/T_Leaves_R.ubulk" 1673
"D:/Unreal Projects/ProjectA/Content/HwaseongHaenggung/Textures/Additions/T_Leaves_R.uasset" 1674
"D:/Unreal Projects/ProjectA/Content/HwaseongHaenggung/Textures/Additions/T_Leaves_R.uexp" 1675
"D:/Unreal Projects/ProjectA/Content/HwaseongHaenggung/Material/Additions/M_Leaves_1.uasset" 1676
"D:/Unreal Projects/ProjectA/Content/HwaseongHaenggung/Material/Additions/M_Leaves_1.uexp" 1677
"D:/Unreal Projects/ProjectA/Content/HwaseongHaenggung/Meshes/Additions/SM_FineTree.ubulk" 1678
"D:/Unreal Projects/ProjectA/Content/HwaseongHaenggung/Meshes/Additions/SM_FineTree.uasset" 1679
"D:/Unreal Projects/ProjectA/Content/HwaseongHaenggung/Meshes/Additions/SM_FineTree.uexp" 1680
"D:/Unreal Projects/ProjectA/Content/HwaseongHaenggung/Textures/Additions/T_Bark_2_BC.ubulk" 1681
"D:/Unreal Projects/ProjectA/Content/HwaseongHaenggung/Textures/Additions/T_Bark_2_BC.uasset" 1682
"D:/Unreal Projects/ProjectA/Content/HwaseongHaenggung/Textures/Additions/T_Bark_2_BC.uexp" 1683
"D:/Unreal Projects/ProjectA/Content/HwaseongHaenggung/Textures/Additions/T_Bark_2_N.ubulk" 1684
"D:/Unreal Projects/ProjectA/Content/HwaseongHaenggung/Textures/Additions/T_Bark_2_N.uasset" 1685
"D:/Unreal Projects/ProjectA/Content/HwaseongHaenggung/Textures/Additions/T_Bark_2_N.uexp" 1686
"D:/Unreal Projects/ProjectA/Content/HwaseongHaenggung/Textures/Additions/T_Bark_2_R.ubulk" 1687
"D:/Unreal Projects/ProjectA/Content/HwaseongHaenggung/Textures/Additions/T_Bark_2_R.uasset" 1688
"D:/Unreal Projects/ProjectA/Content/HwaseongHaenggung/Textures/Additions/T_Bark_2_R.uexp" 1689
"D:/Unreal Projects/ProjectA/Content/HwaseongHaenggung/Material/Additions/M_Bark_2.uasset" 1690
"D:/Unreal Projects/ProjectA/Content/HwaseongHaenggung/Material/Additions/M_Bark_2.uexp" 1691
"D:/Unreal Projects/ProjectA/Content/HwaseongHaenggung/Textures/Additions/T_Leaves_2_BC.ubulk" 1692
"D:/Unreal Projects/ProjectA/Content/HwaseongHaenggung/Textures/Additions/T_Leaves_2_BC.uasset" 1693
"D:/Unreal Projects/ProjectA/Content/HwaseongHaenggung/Textures/Additions/T_Leaves_2_BC.uexp" 1694
"D:/Unreal Projects/ProjectA/Content/HwaseongHaenggung/Material/Additions/M_Leaves_2.uasset" 1695
"D:/Unreal Projects/ProjectA/Content/HwaseongHaenggung/Material/Additions/M_Leaves_2.uexp" 1696
"D:/Unreal Projects/ProjectA/Content/HwaseongHaenggung/Meshes/Additions/SM_WIllowTree.ubulk" 1697
"D:/Unreal Projects/ProjectA/Content/HwaseongHaenggung/Meshes/Additions/SM_WIllowTree.uasset" 1698
"D:/Unreal Projects/ProjectA/Content/HwaseongHaenggung/Meshes/Additions/SM_WIllowTree.uexp" 1699
"D:/Unreal Projects/ProjectA/Content/HwaseongHaenggung/Maps/Demo_sharedassets/Grass_LayerInfo.uasset" 1700
"D:/Unreal Projects/ProjectA/Content/HwaseongHaenggung/Maps/Demo_sharedassets/Grass_LayerInfo.uexp" 1701
"D:/Unreal Projects/ProjectA/Content/HwaseongHaenggung/Maps/Demo_sharedassets/Sand_LayerInfo.uasset" 1702
"D:/Unreal Projects/ProjectA/Content/HwaseongHaenggung/Maps/Demo_sharedassets/Sand_LayerInfo.uexp" 1703
"D:/Unreal Projects/ProjectA/Content/HwaseongHaenggung/Textures/T_KoreanFloor_1_AO.ubulk" 1704
"D:/Unreal Projects/ProjectA/Content/HwaseongHaenggung/Textures/T_KoreanFloor_1_AO.uasset" 1705
"D:/Unreal Projects/ProjectA/Content/HwaseongHaenggung/Textures/T_KoreanFloor_1_AO.uexp" 1706
"D:/Unreal Projects/ProjectA/Content/HwaseongHaenggung/Textures/T_KoreanFloor_1_BC.ubulk" 1707
"D:/Unreal Projects/ProjectA/Content/HwaseongHaenggung/Textures/T_KoreanFloor_1_BC.uasset" 1708
"D:/Unreal Projects/ProjectA/Content/HwaseongHaenggung/Textures/T_KoreanFloor_1_BC.uexp" 1709
"D:/Unreal Projects/ProjectA/Content/HwaseongHaenggung/Textures/T_KoreanFloor_1_N.ubulk" 1710
"D:/Unreal Projects/ProjectA/Content/HwaseongHaenggung/Textures/T_KoreanFloor_1_N.uasset" 1711
"D:/Unreal Projects/ProjectA/Content/HwaseongHaenggung/Textures/T_KoreanFloor_1_N.uexp" 1712
"D:/Unreal Projects/ProjectA/Content/HwaseongHaenggung/Textures/T_KoreanFloor_1_R.ubulk" 1713
"D:/Unreal Projects/ProjectA/Content/HwaseongHaenggung/Textures/T_KoreanFloor_1_R.uasset" 1714
"D:/Unreal Projects/ProjectA/Content/HwaseongHaenggung/Textures/T_KoreanFloor_1_R.uexp" 1715
"D:/Unreal Projects/ProjectA/Content/HwaseongHaenggung/Material/MI_KoreanFloor_1.uasset" 1716
"D:/Unreal Projects/ProjectA/Content/HwaseongHaenggung/Material/MI_KoreanFloor_1.uexp" 1717
"D:/Unreal Projects/ProjectA/Content/HwaseongHaenggung/Textures/T_KoreanFloor_2_AO.ubulk" 1718
"D:/Unreal Projects/ProjectA/Content/HwaseongHaenggung/Textures/T_KoreanFloor_2_AO.uasset" 1719
"D:/Unreal Projects/ProjectA/Content/HwaseongHaenggung/Textures/T_KoreanFloor_2_AO.uexp" 1720
"D:/Unreal Projects/ProjectA/Content/HwaseongHaenggung/Textures/T_KoreanFloor_2_BC.ubulk" 1721
"D:/Unreal Projects/ProjectA/Content/HwaseongHaenggung/Textures/T_KoreanFloor_2_BC.uasset" 1722
"D:/Unreal Projects/ProjectA/Content/HwaseongHaenggung/Textures/T_KoreanFloor_2_BC.uexp" 1723
"D:/Unreal Projects/ProjectA/Content/HwaseongHaenggung/Textures/T_KoreanFloor_2_H.ubulk" 1724
"D:/Unreal Projects/ProjectA/Content/HwaseongHaenggung/Textures/T_KoreanFloor_2_H.uasset" 1725
"D:/Unreal Projects/ProjectA/Content/HwaseongHaenggung/Textures/T_KoreanFloor_2_H.uexp" 1726
"D:/Unreal Projects/ProjectA/Content/HwaseongHaenggung/Textures/T_KoreanFloor_2_N.ubulk" 1727
"D:/Unreal Projects/ProjectA/Content/HwaseongHaenggung/Textures/T_KoreanFloor_2_N.uasset" 1728
"D:/Unreal Projects/ProjectA/Content/HwaseongHaenggung/Textures/T_KoreanFloor_2_N.uexp" 1729
"D:/Unreal Projects/ProjectA/Content/HwaseongHaenggung/Textures/T_KoreanFloor_2_R.ubulk" 1730
"D:/Unreal Projects/ProjectA/Content/HwaseongHaenggung/Textures/T_KoreanFloor_2_R.uasset" 1731
"D:/Unreal Projects/ProjectA/Content/HwaseongHaenggung/Textures/T_KoreanFloor_2_R.uexp" 1732
"D:/Unreal Projects/ProjectA/Content/HwaseongHaenggung/Material/MI_KoreanFloor_2.uasset" 1733
"D:/Unreal Projects/ProjectA/Content/HwaseongHaenggung/Material/MI_KoreanFloor_2.uexp" 1734
"D:/Unreal Projects/ProjectA/Content/HwaseongHaenggung/Textures/T_KoreanWood_2_AO.ubulk" 1735
"D:/Unreal Projects/ProjectA/Content/HwaseongHaenggung/Textures/T_KoreanWood_2_AO.uasset" 1736
"D:/Unreal Projects/ProjectA/Content/HwaseongHaenggung/Textures/T_KoreanWood_2_AO.uexp" 1737
"D:/Unreal Projects/ProjectA/Content/HwaseongHaenggung/Textures/T_KoreanWood_2_BC.ubulk" 1738
"D:/Unreal Projects/ProjectA/Content/HwaseongHaenggung/Textures/T_KoreanWood_2_BC.uasset" 1739
"D:/Unreal Projects/ProjectA/Content/HwaseongHaenggung/Textures/T_KoreanWood_2_BC.uexp" 1740
"D:/Unreal Projects/ProjectA/Content/HwaseongHaenggung/Textures/T_KoreanWood_2_N.ubulk" 1741
"D:/Unreal Projects/ProjectA/Content/HwaseongHaenggung/Textures/T_KoreanWood_2_N.uasset" 1742
"D:/Unreal Projects/ProjectA/Content/HwaseongHaenggung/Textures/T_KoreanWood_2_N.uexp" 1743
"D:/Unreal Projects/ProjectA/Content/HwaseongHaenggung/Textures/T_KoreanWood_2_R.ubulk" 1744
"D:/Unreal Projects/ProjectA/Content/HwaseongHaenggung/Textures/T_KoreanWood_2_R.uasset" 1745
"D:/Unreal Projects/ProjectA/Content/HwaseongHaenggung/Textures/T_KoreanWood_2_R.uexp" 1746
"D:/Unreal Projects/ProjectA/Content/HwaseongHaenggung/Material/MI_KoreanWood_2.uasset" 1747
"D:/Unreal Projects/ProjectA/Content/HwaseongHaenggung/Material/MI_KoreanWood_2.uexp" 1748
"D:/Unreal Projects/ProjectA/Content/HwaseongHaenggung/Textures/T_KoreanWood_4_AO.ubulk" 1749
"D:/Unreal Projects/ProjectA/Content/HwaseongHaenggung/Textures/T_KoreanWood_4_AO.uasset" 1750
"D:/Unreal Projects/ProjectA/Content/HwaseongHaenggung/Textures/T_KoreanWood_4_AO.uexp" 1751
"D:/Unreal Projects/ProjectA/Content/HwaseongHaenggung/Textures/T_KoreanWood_4_BC.ubulk" 1752
"D:/Unreal Projects/ProjectA/Content/HwaseongHaenggung/Textures/T_KoreanWood_4_BC.uasset" 1753
"D:/Unreal Projects/ProjectA/Content/HwaseongHaenggung/Textures/T_KoreanWood_4_BC.uexp" 1754
"D:/Unreal Projects/ProjectA/Content/HwaseongHaenggung/Textures/T_KoreanWood_4_N.ubulk" 1755
"D:/Unreal Projects/ProjectA/Content/HwaseongHaenggung/Textures/T_KoreanWood_4_N.uasset" 1756
"D:/Unreal Projects/ProjectA/Content/HwaseongHaenggung/Textures/T_KoreanWood_4_N.uexp" 1757
"D:/Unreal Projects/ProjectA/Content/HwaseongHaenggung/Textures/T_KoreanWood_4_R.ubulk" 1758
"D:/Unreal Projects/ProjectA/Content/HwaseongHaenggung/Textures/T_KoreanWood_4_R.uasset" 1759
"D:/Unreal Projects/ProjectA/Content/HwaseongHaenggung/Textures/T_KoreanWood_4_R.uexp" 1760
"D:/Unreal Projects/ProjectA/Content/HwaseongHaenggung/Material/MI_KoreanWood_4.uasset" 1761
"D:/Unreal Projects/ProjectA/Content/HwaseongHaenggung/Material/MI_KoreanWood_4.uexp" 1762
"D:/Unreal Projects/ProjectA/Content/HwaseongHaenggung/Textures/T_KoreanWood_5_AO.ubulk" 1763
"D:/Unreal Projects/ProjectA/Content/HwaseongHaenggung/Textures/T_KoreanWood_5_AO.uasset" 1764
"D:/Unreal Projects/ProjectA/Content/HwaseongHaenggung/Textures/T_KoreanWood_5_AO.uexp" 1765
"D:/Unreal Projects/ProjectA/Content/HwaseongHaenggung/Textures/T_KoreanWood_5_BC.ubulk" 1766
"D:/Unreal Projects/ProjectA/Content/HwaseongHaenggung/Textures/T_KoreanWood_5_BC.uasset" 1767
"D:/Unreal Projects/ProjectA/Content/HwaseongHaenggung/Textures/T_KoreanWood_5_BC.uexp" 1768
"D:/Unreal Projects/ProjectA/Content/HwaseongHaenggung/Textures/T_KoreanWood_5_N.ubulk" 1769
"D:/Unreal Projects/ProjectA/Content/HwaseongHaenggung/Textures/T_KoreanWood_5_N.uasset" 1770
"D:/Unreal Projects/ProjectA/Content/HwaseongHaenggung/Textures/T_KoreanWood_5_N.uexp" 1771
"D:/Unreal Projects/ProjectA/Content/HwaseongHaenggung/Textures/T_KoreanWood_5_R.ubulk" 1772
"D:/Unreal Projects/ProjectA/Content/HwaseongHaenggung/Textures/T_KoreanWood_5_R.uasset" 1773
"D:/Unreal Projects/ProjectA/Content/HwaseongHaenggung/Textures/T_KoreanWood_5_R.uexp" 1774
"D:/Unreal Projects/ProjectA/Content/HwaseongHaenggung/Material/MI_KoreanWood_5.uasset" 1775
"D:/Unreal Projects/ProjectA/Content/HwaseongHaenggung/Material/MI_KoreanWood_5.uexp" 1776
"D:/Unreal Projects/ProjectA/Content/HwaseongHaenggung/Textures/T_KoreanPaper_1_AO.ubulk" 1777
"D:/Unreal Projects/ProjectA/Content/HwaseongHaenggung/Textures/T_KoreanPaper_1_AO.uasset" 1778
"D:/Unreal Projects/ProjectA/Content/HwaseongHaenggung/Textures/T_KoreanPaper_1_AO.uexp" 1779
"D:/Unreal Projects/ProjectA/Content/HwaseongHaenggung/Textures/T_KoreanPaper_1_BC.ubulk" 1780
"D:/Unreal Projects/ProjectA/Content/HwaseongHaenggung/Textures/T_KoreanPaper_1_BC.uasset" 1781
"D:/Unreal Projects/ProjectA/Content/HwaseongHaenggung/Textures/T_KoreanPaper_1_BC.uexp" 1782
"D:/Unreal Projects/ProjectA/Content/HwaseongHaenggung/Textures/T_KoreanPaper_1_N.ubulk" 1783
"D:/Unreal Projects/ProjectA/Content/HwaseongHaenggung/Textures/T_KoreanPaper_1_N.uasset" 1784
"D:/Unreal Projects/ProjectA/Content/HwaseongHaenggung/Textures/T_KoreanPaper_1_N.uexp" 1785
"D:/Unreal Projects/ProjectA/Content/HwaseongHaenggung/Textures/T_KoreanPaper_1_R.ubulk" 1786
"D:/Unreal Projects/ProjectA/Content/HwaseongHaenggung/Textures/T_KoreanPaper_1_R.uasset" 1787
"D:/Unreal Projects/ProjectA/Content/HwaseongHaenggung/Textures/T_KoreanPaper_1_R.uexp" 1788
"D:/Unreal Projects/ProjectA/Content/HwaseongHaenggung/Material/MI_KoreanPaper_1.uasset" 1789
"D:/Unreal Projects/ProjectA/Content/HwaseongHaenggung/Material/MI_KoreanPaper_1.uexp" 1790
"D:/Unreal Projects/ProjectA/Content/HwaseongHaenggung/Textures/T_Metal_BC.ubulk" 1791
"D:/Unreal Projects/ProjectA/Content/HwaseongHaenggung/Textures/T_Metal_BC.uasset" 1792
"D:/Unreal Projects/ProjectA/Content/HwaseongHaenggung/Textures/T_Metal_BC.uexp" 1793
"D:/Unreal Projects/ProjectA/Content/HwaseongHaenggung/Material/MI_Metal.uasset" 1794
"D:/Unreal Projects/ProjectA/Content/HwaseongHaenggung/Material/MI_Metal.uexp" 1795
"D:/Unreal Projects/ProjectA/Content/HwaseongHaenggung/Textures/T_BrickConcrete_AO.ubulk" 1796
"D:/Unreal Projects/ProjectA/Content/HwaseongHaenggung/Textures/T_BrickConcrete_AO.uasset" 1797
"D:/Unreal Projects/ProjectA/Content/HwaseongHaenggung/Textures/T_BrickConcrete_AO.uexp" 1798
"D:/Unreal Projects/ProjectA/Content/HwaseongHaenggung/Textures/T_BrickConcrete_BC.ubulk" 1799
"D:/Unreal Projects/ProjectA/Content/HwaseongHaenggung/Textures/T_BrickConcrete_BC.uasset" 1800
"D:/Unreal Projects/ProjectA/Content/HwaseongHaenggung/Textures/T_BrickConcrete_BC.uexp" 1801
"D:/Unreal Projects/ProjectA/Content/HwaseongHaenggung/Textures/T_BrickConcrete_N.ubulk" 1802
"D:/Unreal Projects/ProjectA/Content/HwaseongHaenggung/Textures/T_BrickConcrete_N.uasset" 1803
"D:/Unreal Projects/ProjectA/Content/HwaseongHaenggung/Textures/T_BrickConcrete_N.uexp" 1804
"D:/Unreal Projects/ProjectA/Content/HwaseongHaenggung/Textures/T_BrickConcrete_R.ubulk" 1805
"D:/Unreal Projects/ProjectA/Content/HwaseongHaenggung/Textures/T_BrickConcrete_R.uasset" 1806
"D:/Unreal Projects/ProjectA/Content/HwaseongHaenggung/Textures/T_BrickConcrete_R.uexp" 1807
"D:/Unreal Projects/ProjectA/Content/HwaseongHaenggung/Material/MI_R_BrickConcrete.uasset" 1808
"D:/Unreal Projects/ProjectA/Content/HwaseongHaenggung/Material/MI_R_BrickConcrete.uexp" 1809
"D:/Unreal Projects/ProjectA/Content/HwaseongHaenggung/Textures/T_Buyeon_AO.ubulk" 1810
"D:/Unreal Projects/ProjectA/Content/HwaseongHaenggung/Textures/T_Buyeon_AO.uasset" 1811
"D:/Unreal Projects/ProjectA/Content/HwaseongHaenggung/Textures/T_Buyeon_AO.uexp" 1812
"D:/Unreal Projects/ProjectA/Content/HwaseongHaenggung/Textures/T_Buyeon_BC.ubulk" 1813
"D:/Unreal Projects/ProjectA/Content/HwaseongHaenggung/Textures/T_Buyeon_BC.uasset" 1814
"D:/Unreal Projects/ProjectA/Content/HwaseongHaenggung/Textures/T_Buyeon_BC.uexp" 1815
"D:/Unreal Projects/ProjectA/Content/HwaseongHaenggung/Textures/T_Buyeon_N.ubulk" 1816
"D:/Unreal Projects/ProjectA/Content/HwaseongHaenggung/Textures/T_Buyeon_N.uasset" 1817
"D:/Unreal Projects/ProjectA/Content/HwaseongHaenggung/Textures/T_Buyeon_N.uexp" 1818
"D:/Unreal Projects/ProjectA/Content/HwaseongHaenggung/Textures/T_Buyeon_R.ubulk" 1819
"D:/Unreal Projects/ProjectA/Content/HwaseongHaenggung/Textures/T_Buyeon_R.uasset" 1820
"D:/Unreal Projects/ProjectA/Content/HwaseongHaenggung/Textures/T_Buyeon_R.uexp" 1821
"D:/Unreal Projects/ProjectA/Content/HwaseongHaenggung/Material/MI_R_Buyeon_1.uasset" 1822
"D:/Unreal Projects/ProjectA/Content/HwaseongHaenggung/Material/MI_R_Buyeon_1.uexp" 1823
"D:/Unreal Projects/ProjectA/Content/HwaseongHaenggung/Textures/T_Dancheong_AO.ubulk" 1824
"D:/Unreal Projects/ProjectA/Content/HwaseongHaenggung/Textures/T_Dancheong_AO.uasset" 1825
"D:/Unreal Projects/ProjectA/Content/HwaseongHaenggung/Textures/T_Dancheong_AO.uexp" 1826
"D:/Unreal Projects/ProjectA/Content/HwaseongHaenggung/Textures/T_Dancheong_BC.ubulk" 1827
"D:/Unreal Projects/ProjectA/Content/HwaseongHaenggung/Textures/T_Dancheong_BC.uasset" 1828
"D:/Unreal Projects/ProjectA/Content/HwaseongHaenggung/Textures/T_Dancheong_BC.uexp" 1829
"D:/Unreal Projects/ProjectA/Content/HwaseongHaenggung/Textures/T_Dancheong_N.ubulk" 1830
"D:/Unreal Projects/ProjectA/Content/HwaseongHaenggung/Textures/T_Dancheong_N.uasset" 1831
"D:/Unreal Projects/ProjectA/Content/HwaseongHaenggung/Textures/T_Dancheong_N.uexp" 1832
"D:/Unreal Projects/ProjectA/Content/HwaseongHaenggung/Textures/T_Dancheong_R.ubulk" 1833
"D:/Unreal Projects/ProjectA/Content/HwaseongHaenggung/Textures/T_Dancheong_R.uasset" 1834
"D:/Unreal Projects/ProjectA/Content/HwaseongHaenggung/Textures/T_Dancheong_R.uexp" 1835
"D:/Unreal Projects/ProjectA/Content/HwaseongHaenggung/Material/MI_R_Dancheong_1.uasset" 1836
"D:/Unreal Projects/ProjectA/Content/HwaseongHaenggung/Material/MI_R_Dancheong_1.uexp" 1837
"D:/Unreal Projects/ProjectA/Content/HwaseongHaenggung/Textures/T_Decors_AO.ubulk" 1838
"D:/Unreal Projects/ProjectA/Content/HwaseongHaenggung/Textures/T_Decors_AO.uasset" 1839
"D:/Unreal Projects/ProjectA/Content/HwaseongHaenggung/Textures/T_Decors_AO.uexp" 1840
"D:/Unreal Projects/ProjectA/Content/HwaseongHaenggung/Textures/T_Decors_BC.ubulk" 1841
"D:/Unreal Projects/ProjectA/Content/HwaseongHaenggung/Textures/T_Decors_BC.uasset" 1842
"D:/Unreal Projects/ProjectA/Content/HwaseongHaenggung/Textures/T_Decors_BC.uexp" 1843
"D:/Unreal Projects/ProjectA/Content/HwaseongHaenggung/Textures/T_Decors_N.ubulk" 1844
"D:/Unreal Projects/ProjectA/Content/HwaseongHaenggung/Textures/T_Decors_N.uasset" 1845
"D:/Unreal Projects/ProjectA/Content/HwaseongHaenggung/Textures/T_Decors_N.uexp" 1846
"D:/Unreal Projects/ProjectA/Content/HwaseongHaenggung/Textures/T_Decors_R.ubulk" 1847
"D:/Unreal Projects/ProjectA/Content/HwaseongHaenggung/Textures/T_Decors_R.uasset" 1848
"D:/Unreal Projects/ProjectA/Content/HwaseongHaenggung/Textures/T_Decors_R.uexp" 1849
"D:/Unreal Projects/ProjectA/Content/HwaseongHaenggung/Material/MI_R_Decors_1.uasset" 1850
"D:/Unreal Projects/ProjectA/Content/HwaseongHaenggung/Material/MI_R_Decors_1.uexp" 1851
"D:/Unreal Projects/ProjectA/Content/HwaseongHaenggung/Textures/T_Green_AO.ubulk" 1852
"D:/Unreal Projects/ProjectA/Content/HwaseongHaenggung/Textures/T_Green_AO.uasset" 1853
"D:/Unreal Projects/ProjectA/Content/HwaseongHaenggung/Textures/T_Green_AO.uexp" 1854
"D:/Unreal Projects/ProjectA/Content/HwaseongHaenggung/Textures/T_Green_R.ubulk" 1855
"D:/Unreal Projects/ProjectA/Content/HwaseongHaenggung/Textures/T_Green_R.uasset" 1856
"D:/Unreal Projects/ProjectA/Content/HwaseongHaenggung/Textures/T_Green_R.uexp" 1857
"D:/Unreal Projects/ProjectA/Content/HwaseongHaenggung/Textures/T_Green_N.ubulk" 1858
"D:/Unreal Projects/ProjectA/Content/HwaseongHaenggung/Textures/T_Green_N.uasset" 1859
"D:/Unreal Projects/ProjectA/Content/HwaseongHaenggung/Textures/T_Green_N.uexp" 1860
"D:/Unreal Projects/ProjectA/Content/HwaseongHaenggung/Textures/T_Green_BC.ubulk" 1861
"D:/Unreal Projects/ProjectA/Content/HwaseongHaenggung/Textures/T_Green_BC.uasset" 1862
"D:/Unreal Projects/ProjectA/Content/HwaseongHaenggung/Textures/T_Green_BC.uexp" 1863
"D:/Unreal Projects/ProjectA/Content/HwaseongHaenggung/Material/MI_R_Green.uasset" 1864
"D:/Unreal Projects/ProjectA/Content/HwaseongHaenggung/Material/MI_R_Green.uexp" 1865
"D:/Unreal Projects/ProjectA/Content/HwaseongHaenggung/Textures/Signs/T_Boknaedang_BC.ubulk" 1866
"D:/Unreal Projects/ProjectA/Content/HwaseongHaenggung/Textures/Signs/T_Boknaedang_BC.uasset" 1867
"D:/Unreal Projects/ProjectA/Content/HwaseongHaenggung/Textures/Signs/T_Boknaedang_BC.uexp" 1868
"D:/Unreal Projects/ProjectA/Content/HwaseongHaenggung/Material/MI_R_Sign_BND.uasset" 1869
"D:/Unreal Projects/ProjectA/Content/HwaseongHaenggung/Material/MI_R_Sign_BND.uexp" 1870
"D:/Unreal Projects/ProjectA/Content/HwaseongHaenggung/Textures/T_Woods_AO.ubulk" 1871
"D:/Unreal Projects/ProjectA/Content/HwaseongHaenggung/Textures/T_Woods_AO.uasset" 1872
"D:/Unreal Projects/ProjectA/Content/HwaseongHaenggung/Textures/T_Woods_AO.uexp" 1873
"D:/Unreal Projects/ProjectA/Content/HwaseongHaenggung/Textures/T_Woods_BC.ubulk" 1874
"D:/Unreal Projects/ProjectA/Content/HwaseongHaenggung/Textures/T_Woods_BC.uasset" 1875
"D:/Unreal Projects/ProjectA/Content/HwaseongHaenggung/Textures/T_Woods_BC.uexp" 1876
"D:/Unreal Projects/ProjectA/Content/HwaseongHaenggung/Textures/T_Woods_N.ubulk" 1877
"D:/Unreal Projects/ProjectA/Content/HwaseongHaenggung/Textures/T_Woods_N.uasset" 1878
"D:/Unreal Projects/ProjectA/Content/HwaseongHaenggung/Textures/T_Woods_N.uexp" 1879
"D:/Unreal Projects/ProjectA/Content/HwaseongHaenggung/Textures/T_Woods_R.ubulk" 1880
"D:/Unreal Projects/ProjectA/Content/HwaseongHaenggung/Textures/T_Woods_R.uasset" 1881
"D:/Unreal Projects/ProjectA/Content/HwaseongHaenggung/Textures/T_Woods_R.uexp" 1882
"D:/Unreal Projects/ProjectA/Content/HwaseongHaenggung/Material/MI_R_Woods_1.uasset" 1883
"D:/Unreal Projects/ProjectA/Content/HwaseongHaenggung/Material/MI_R_Woods_1.uexp" 1884
"D:/Unreal Projects/ProjectA/Content/HwaseongHaenggung/Material/MasterMaterial/MM_DefaultSurface.uasset" 1885
"D:/Unreal Projects/ProjectA/Content/HwaseongHaenggung/Material/MasterMaterial/MM_DefaultSurface.uexp" 1886
"D:/Unreal Projects/ProjectA/Content/HwaseongHaenggung/Textures/T_W_Pink_2_BC.ubulk" 1887
"D:/Unreal Projects/ProjectA/Content/HwaseongHaenggung/Textures/T_W_Pink_2_BC.uasset" 1888
"D:/Unreal Projects/ProjectA/Content/HwaseongHaenggung/Textures/T_W_Pink_2_BC.uexp" 1889
"D:/Unreal Projects/ProjectA/Content/HwaseongHaenggung/Textures/T_W_Pink_2_N.ubulk" 1890
"D:/Unreal Projects/ProjectA/Content/HwaseongHaenggung/Textures/T_W_Pink_2_N.uasset" 1891
"D:/Unreal Projects/ProjectA/Content/HwaseongHaenggung/Textures/T_W_Pink_2_N.uexp" 1892
"D:/Unreal Projects/ProjectA/Content/HwaseongHaenggung/Textures/T_W_Pink_2_ORD.ubulk" 1893
"D:/Unreal Projects/ProjectA/Content/HwaseongHaenggung/Textures/T_W_Pink_2_ORD.uasset" 1894
"D:/Unreal Projects/ProjectA/Content/HwaseongHaenggung/Textures/T_W_Pink_2_ORD.uexp" 1895
"D:/Unreal Projects/ProjectA/Content/HwaseongHaenggung/Material/MI_W_Pink_2.uasset" 1896
"D:/Unreal Projects/ProjectA/Content/HwaseongHaenggung/Material/MI_W_Pink_2.uexp" 1897
"D:/Unreal Projects/ProjectA/Content/HwaseongHaenggung/Textures/T_W_Pink_3_BC.ubulk" 1898
"D:/Unreal Projects/ProjectA/Content/HwaseongHaenggung/Textures/T_W_Pink_3_BC.uasset" 1899
"D:/Unreal Projects/ProjectA/Content/HwaseongHaenggung/Textures/T_W_Pink_3_BC.uexp" 1900
"D:/Unreal Projects/ProjectA/Content/HwaseongHaenggung/Textures/T_W_Pink_3_N.ubulk" 1901
"D:/Unreal Projects/ProjectA/Content/HwaseongHaenggung/Textures/T_W_Pink_3_N.uasset" 1902
"D:/Unreal Projects/ProjectA/Content/HwaseongHaenggung/Textures/T_W_Pink_3_N.uexp" 1903
"D:/Unreal Projects/ProjectA/Content/HwaseongHaenggung/Textures/T_W_Pink_3_ORD.ubulk" 1904
"D:/Unreal Projects/ProjectA/Content/HwaseongHaenggung/Textures/T_W_Pink_3_ORD.uasset" 1905
"D:/Unreal Projects/ProjectA/Content/HwaseongHaenggung/Textures/T_W_Pink_3_ORD.uexp" 1906
"D:/Unreal Projects/ProjectA/Content/HwaseongHaenggung/Material/MI_W_Pink_3.uasset" 1907
"D:/Unreal Projects/ProjectA/Content/HwaseongHaenggung/Material/MI_W_Pink_3.uexp" 1908
"D:/Unreal Projects/ProjectA/Content/HwaseongHaenggung/Textures/T_W_Pink_4_BC.ubulk" 1909
"D:/Unreal Projects/ProjectA/Content/HwaseongHaenggung/Textures/T_W_Pink_4_BC.uasset" 1910
"D:/Unreal Projects/ProjectA/Content/HwaseongHaenggung/Textures/T_W_Pink_4_BC.uexp" 1911
"D:/Unreal Projects/ProjectA/Content/HwaseongHaenggung/Textures/T_W_Pink_4_N.ubulk" 1912
"D:/Unreal Projects/ProjectA/Content/HwaseongHaenggung/Textures/T_W_Pink_4_N.uasset" 1913
"D:/Unreal Projects/ProjectA/Content/HwaseongHaenggung/Textures/T_W_Pink_4_N.uexp" 1914
"D:/Unreal Projects/ProjectA/Content/HwaseongHaenggung/Textures/T_W_Pink_4_ORD.ubulk" 1915
"D:/Unreal Projects/ProjectA/Content/HwaseongHaenggung/Textures/T_W_Pink_4_ORD.uasset" 1916
"D:/Unreal Projects/ProjectA/Content/HwaseongHaenggung/Textures/T_W_Pink_4_ORD.uexp" 1917
"D:/Unreal Projects/ProjectA/Content/HwaseongHaenggung/Material/MI_W_Pink_4.uasset" 1918
"D:/Unreal Projects/ProjectA/Content/HwaseongHaenggung/Material/MI_W_Pink_4.uexp" 1919
"D:/Unreal Projects/ProjectA/Content/HwaseongHaenggung/Meshes/Buildings/SM_Boknaedang.ubulk" 1920
"D:/Unreal Projects/ProjectA/Content/HwaseongHaenggung/Meshes/Buildings/SM_Boknaedang.uasset" 1921
"D:/Unreal Projects/ProjectA/Content/HwaseongHaenggung/Meshes/Buildings/SM_Boknaedang.uexp" 1922
"D:/Unreal Projects/ProjectA/Content/HwaseongHaenggung/Textures/T_KoreanWall_1_AO.ubulk" 1923
"D:/Unreal Projects/ProjectA/Content/HwaseongHaenggung/Textures/T_KoreanWall_1_AO.uasset" 1924
"D:/Unreal Projects/ProjectA/Content/HwaseongHaenggung/Textures/T_KoreanWall_1_AO.uexp" 1925
"D:/Unreal Projects/ProjectA/Content/HwaseongHaenggung/Textures/T_KoreanWall_1_BC.ubulk" 1926
"D:/Unreal Projects/ProjectA/Content/HwaseongHaenggung/Textures/T_KoreanWall_1_BC.uasset" 1927
"D:/Unreal Projects/ProjectA/Content/HwaseongHaenggung/Textures/T_KoreanWall_1_BC.uexp" 1928
"D:/Unreal Projects/ProjectA/Content/HwaseongHaenggung/Textures/T_KoreanWall_1_H.ubulk" 1929
"D:/Unreal Projects/ProjectA/Content/HwaseongHaenggung/Textures/T_KoreanWall_1_H.uasset" 1930
"D:/Unreal Projects/ProjectA/Content/HwaseongHaenggung/Textures/T_KoreanWall_1_H.uexp" 1931
"D:/Unreal Projects/ProjectA/Content/HwaseongHaenggung/Textures/T_KoreanWall_1_N.ubulk" 1932
"D:/Unreal Projects/ProjectA/Content/HwaseongHaenggung/Textures/T_KoreanWall_1_N.uasset" 1933
"D:/Unreal Projects/ProjectA/Content/HwaseongHaenggung/Textures/T_KoreanWall_1_N.uexp" 1934
"D:/Unreal Projects/ProjectA/Content/HwaseongHaenggung/Textures/T_KoreanWall_1_R.ubulk" 1935
"D:/Unreal Projects/ProjectA/Content/HwaseongHaenggung/Textures/T_KoreanWall_1_R.uasset" 1936
"D:/Unreal Projects/ProjectA/Content/HwaseongHaenggung/Textures/T_KoreanWall_1_R.uexp" 1937
"D:/Unreal Projects/ProjectA/Content/HwaseongHaenggung/Material/MI_KoreanWall_1.uasset" 1938
"D:/Unreal Projects/ProjectA/Content/HwaseongHaenggung/Material/MI_KoreanWall_1.uexp" 1939
"D:/Unreal Projects/ProjectA/Content/HwaseongHaenggung/Textures/T_Koreanwood_1_AO.ubulk" 1940
"D:/Unreal Projects/ProjectA/Content/HwaseongHaenggung/Textures/T_Koreanwood_1_AO.uasset" 1941
"D:/Unreal Projects/ProjectA/Content/HwaseongHaenggung/Textures/T_Koreanwood_1_AO.uexp" 1942
"D:/Unreal Projects/ProjectA/Content/HwaseongHaenggung/Textures/T_Koreanwood_1_BC.ubulk" 1943
"D:/Unreal Projects/ProjectA/Content/HwaseongHaenggung/Textures/T_Koreanwood_1_BC.uasset" 1944
"D:/Unreal Projects/ProjectA/Content/HwaseongHaenggung/Textures/T_Koreanwood_1_BC.uexp" 1945
"D:/Unreal Projects/ProjectA/Content/HwaseongHaenggung/Textures/T_Koreanwood_1_N.ubulk" 1946
"D:/Unreal Projects/ProjectA/Content/HwaseongHaenggung/Textures/T_Koreanwood_1_N.uasset" 1947
"D:/Unreal Projects/ProjectA/Content/HwaseongHaenggung/Textures/T_Koreanwood_1_N.uexp" 1948
"D:/Unreal Projects/ProjectA/Content/HwaseongHaenggung/Textures/T_Koreanwood_1_R.ubulk" 1949
"D:/Unreal Projects/ProjectA/Content/HwaseongHaenggung/Textures/T_Koreanwood_1_R.uasset" 1950
"D:/Unreal Projects/ProjectA/Content/HwaseongHaenggung/Textures/T_Koreanwood_1_R.uexp" 1951
"D:/Unreal Projects/ProjectA/Content/HwaseongHaenggung/Material/MI_KoreanWood_1.uasset" 1952
"D:/Unreal Projects/ProjectA/Content/HwaseongHaenggung/Material/MI_KoreanWood_1.uexp" 1953
"D:/Unreal Projects/ProjectA/Content/HwaseongHaenggung/Textures/Additions/T_BlackTIle_AO.ubulk" 1954
"D:/Unreal Projects/ProjectA/Content/HwaseongHaenggung/Textures/Additions/T_BlackTIle_AO.uasset" 1955
"D:/Unreal Projects/ProjectA/Content/HwaseongHaenggung/Textures/Additions/T_BlackTIle_AO.uexp" 1956
"D:/Unreal Projects/ProjectA/Content/HwaseongHaenggung/Textures/Additions/T_BlackTIle_BC.ubulk" 1957
"D:/Unreal Projects/ProjectA/Content/HwaseongHaenggung/Textures/Additions/T_BlackTIle_BC.uasset" 1958
"D:/Unreal Projects/ProjectA/Content/HwaseongHaenggung/Textures/Additions/T_BlackTIle_BC.uexp" 1959
"D:/Unreal Projects/ProjectA/Content/HwaseongHaenggung/Textures/Additions/T_BlackTIle_N.ubulk" 1960
"D:/Unreal Projects/ProjectA/Content/HwaseongHaenggung/Textures/Additions/T_BlackTIle_N.uasset" 1961
"D:/Unreal Projects/ProjectA/Content/HwaseongHaenggung/Textures/Additions/T_BlackTIle_N.uexp" 1962
"D:/Unreal Projects/ProjectA/Content/HwaseongHaenggung/Textures/Additions/T_BlackTIle_R.ubulk" 1963
"D:/Unreal Projects/ProjectA/Content/HwaseongHaenggung/Textures/Additions/T_BlackTIle_R.uasset" 1964
"D:/Unreal Projects/ProjectA/Content/HwaseongHaenggung/Textures/Additions/T_BlackTIle_R.uexp" 1965
"D:/Unreal Projects/ProjectA/Content/HwaseongHaenggung/Material/Additions/M_BlackTile.uasset" 1966
"D:/Unreal Projects/ProjectA/Content/HwaseongHaenggung/Material/Additions/M_BlackTile.uexp" 1967
"D:/Unreal Projects/ProjectA/Content/HwaseongHaenggung/Meshes/Buildings/SM_Byeolchu.ubulk" 1968
"D:/Unreal Projects/ProjectA/Content/HwaseongHaenggung/Meshes/Buildings/SM_Byeolchu.uasset" 1969
"D:/Unreal Projects/ProjectA/Content/HwaseongHaenggung/Meshes/Buildings/SM_Byeolchu.uexp" 1970
"D:/Unreal Projects/ProjectA/Content/HwaseongHaenggung/Textures/T_KoreanTile_1_AO.ubulk" 1971
"D:/Unreal Projects/ProjectA/Content/HwaseongHaenggung/Textures/T_KoreanTile_1_AO.uasset" 1972
"D:/Unreal Projects/ProjectA/Content/HwaseongHaenggung/Textures/T_KoreanTile_1_AO.uexp" 1973
"D:/Unreal Projects/ProjectA/Content/HwaseongHaenggung/Textures/T_KoreanTile_1_BC.ubulk" 1974
"D:/Unreal Projects/ProjectA/Content/HwaseongHaenggung/Textures/T_KoreanTile_1_BC.uasset" 1975
"D:/Unreal Projects/ProjectA/Content/HwaseongHaenggung/Textures/T_KoreanTile_1_BC.uexp" 1976
"D:/Unreal Projects/ProjectA/Content/HwaseongHaenggung/Textures/T_KoreanTile_1_H.ubulk" 1977
"D:/Unreal Projects/ProjectA/Content/HwaseongHaenggung/Textures/T_KoreanTile_1_H.uasset" 1978
"D:/Unreal Projects/ProjectA/Content/HwaseongHaenggung/Textures/T_KoreanTile_1_H.uexp" 1979
"D:/Unreal Projects/ProjectA/Content/HwaseongHaenggung/Textures/T_KoreanTile_1_N.ubulk" 1980
"D:/Unreal Projects/ProjectA/Content/HwaseongHaenggung/Textures/T_KoreanTile_1_N.uasset" 1981
"D:/Unreal Projects/ProjectA/Content/HwaseongHaenggung/Textures/T_KoreanTile_1_N.uexp" 1982
"D:/Unreal Projects/ProjectA/Content/HwaseongHaenggung/Textures/T_KoreanTile_1_R.ubulk" 1983
"D:/Unreal Projects/ProjectA/Content/HwaseongHaenggung/Textures/T_KoreanTile_1_R.uasset" 1984
"D:/Unreal Projects/ProjectA/Content/HwaseongHaenggung/Textures/T_KoreanTile_1_R.uexp" 1985
"D:/Unreal Projects/ProjectA/Content/HwaseongHaenggung/Material/MI_Koreantile_1.uasset" 1986
"D:/Unreal Projects/ProjectA/Content/HwaseongHaenggung/Material/MI_Koreantile_1.uexp" 1987
"D:/Unreal Projects/ProjectA/Content/HwaseongHaenggung/Textures/T_Koreanwood_Buyeon_N.ubulk" 1988
"D:/Unreal Projects/ProjectA/Content/HwaseongHaenggung/Textures/T_Koreanwood_Buyeon_N.uasset" 1989
"D:/Unreal Projects/ProjectA/Content/HwaseongHaenggung/Textures/T_Koreanwood_Buyeon_N.uexp" 1990
"D:/Unreal Projects/ProjectA/Content/HwaseongHaenggung/Textures/T_Koreanwood_Decor_AO.ubulk" 1991
"D:/Unreal Projects/ProjectA/Content/HwaseongHaenggung/Textures/T_Koreanwood_Decor_AO.uasset" 1992
"D:/Unreal Projects/ProjectA/Content/HwaseongHaenggung/Textures/T_Koreanwood_Decor_AO.uexp" 1993
"D:/Unreal Projects/ProjectA/Content/HwaseongHaenggung/Textures/T_Koreanwood_Decor_BC.ubulk" 1994
"D:/Unreal Projects/ProjectA/Content/HwaseongHaenggung/Textures/T_Koreanwood_Decor_BC.uasset" 1995
"D:/Unreal Projects/ProjectA/Content/HwaseongHaenggung/Textures/T_Koreanwood_Decor_BC.uexp" 1996
"D:/Unreal Projects/ProjectA/Content/HwaseongHaenggung/Textures/T_Koreanwood_Decor_R.ubulk" 1997
"D:/Unreal Projects/ProjectA/Content/HwaseongHaenggung/Textures/T_Koreanwood_Decor_R.uasset" 1998
"D:/Unreal Projects/ProjectA/Content/HwaseongHaenggung/Textures/T_Koreanwood_Decor_R.uexp" 1999
"D:/Unreal Projects/ProjectA/Content/HwaseongHaenggung/Material/MI_R_Buyeon_2.uasset" 2000
"D:/Unreal Projects/ProjectA/Content/HwaseongHaenggung/Material/MI_R_Buyeon_2.uexp" 2001
"D:/Unreal Projects/ProjectA/Content/HwaseongHaenggung/Textures/T_KoreanWood_DecorB_N.ubulk" 2002
"D:/Unreal Projects/ProjectA/Content/HwaseongHaenggung/Textures/T_KoreanWood_DecorB_N.uasset" 2003
"D:/Unreal Projects/ProjectA/Content/HwaseongHaenggung/Textures/T_KoreanWood_DecorB_N.uexp" 2004
"D:/Unreal Projects/ProjectA/Content/HwaseongHaenggung/Material/MI_R_Decors_5.uasset" 2005
"D:/Unreal Projects/ProjectA/Content/HwaseongHaenggung/Material/MI_R_Decors_5.uexp" 2006
"D:/Unreal Projects/ProjectA/Content/HwaseongHaenggung/Meshes/Buildings/SM_Jeonsacheong.ubulk" 2007
"D:/Unreal Projects/ProjectA/Content/HwaseongHaenggung/Meshes/Buildings/SM_Jeonsacheong.uasset" 2008
"D:/Unreal Projects/ProjectA/Content/HwaseongHaenggung/Meshes/Buildings/SM_Jeonsacheong.uexp" 2009
"D:/Unreal Projects/ProjectA/Content/HwaseongHaenggung/Textures/T_KoreanFloor_3_BC.ubulk" 2010
"D:/Unreal Projects/ProjectA/Content/HwaseongHaenggung/Textures/T_KoreanFloor_3_BC.uasset" 2011
"D:/Unreal Projects/ProjectA/Content/HwaseongHaenggung/Textures/T_KoreanFloor_3_BC.uexp" 2012
"D:/Unreal Projects/ProjectA/Content/HwaseongHaenggung/Textures/T_KoreanFloor_3_N.ubulk" 2013
"D:/Unreal Projects/ProjectA/Content/HwaseongHaenggung/Textures/T_KoreanFloor_3_N.uasset" 2014
"D:/Unreal Projects/ProjectA/Content/HwaseongHaenggung/Textures/T_KoreanFloor_3_N.uexp" 2015
"D:/Unreal Projects/ProjectA/Content/HwaseongHaenggung/Textures/T_KoreanFloor_3_R.ubulk" 2016
"D:/Unreal Projects/ProjectA/Content/HwaseongHaenggung/Textures/T_KoreanFloor_3_R.uasset" 2017
"D:/Unreal Projects/ProjectA/Content/HwaseongHaenggung/Textures/T_KoreanFloor_3_R.uexp" 2018
"D:/Unreal Projects/ProjectA/Content/HwaseongHaenggung/Material/MI_KoreanFloor_3.uasset" 2019
"D:/Unreal Projects/ProjectA/Content/HwaseongHaenggung/Material/MI_KoreanFloor_3.uexp" 2020
"D:/Unreal Projects/ProjectA/Content/HwaseongHaenggung/Textures/T_KoreanWood_3_AO.ubulk" 2021
"D:/Unreal Projects/ProjectA/Content/HwaseongHaenggung/Textures/T_KoreanWood_3_AO.uasset" 2022
"D:/Unreal Projects/ProjectA/Content/HwaseongHaenggung/Textures/T_KoreanWood_3_AO.uexp" 2023
"D:/Unreal Projects/ProjectA/Content/HwaseongHaenggung/Textures/T_KoreanWood_3_BC.ubulk" 2024
"D:/Unreal Projects/ProjectA/Content/HwaseongHaenggung/Textures/T_KoreanWood_3_BC.uasset" 2025
"D:/Unreal Projects/ProjectA/Content/HwaseongHaenggung/Textures/T_KoreanWood_3_BC.uexp" 2026
"D:/Unreal Projects/ProjectA/Content/HwaseongHaenggung/Textures/T_KoreanWood_3_N.ubulk" 2027
"D:/Unreal Projects/ProjectA/Content/HwaseongHaenggung/Textures/T_KoreanWood_3_N.uasset" 2028
"D:/Unreal Projects/ProjectA/Content/HwaseongHaenggung/Textures/T_KoreanWood_3_N.uexp" 2029
"D:/Unreal Projects/ProjectA/Content/HwaseongHaenggung/Textures/T_KoreanWood_3_R.ubulk" 2030
"D:/Unreal Projects/ProjectA/Content/HwaseongHaenggung/Textures/T_KoreanWood_3_R.uasset" 2031
"D:/Unreal Projects/ProjectA/Content/HwaseongHaenggung/Textures/T_KoreanWood_3_R.uexp" 2032
"D:/Unreal Projects/ProjectA/Content/HwaseongHaenggung/Material/MI_KoreanWood_3.uasset" 2033
"D:/Unreal Projects/ProjectA/Content/HwaseongHaenggung/Material/MI_KoreanWood_3.uexp" 2034
"D:/Unreal Projects/ProjectA/Content/HwaseongHaenggung/Textures/Signs/T_Jibsacheong_BC.ubulk" 2035
"D:/Unreal Projects/ProjectA/Content/HwaseongHaenggung/Textures/Signs/T_Jibsacheong_BC.uasset" 2036
"D:/Unreal Projects/ProjectA/Content/HwaseongHaenggung/Textures/Signs/T_Jibsacheong_BC.uexp" 2037
"D:/Unreal Projects/ProjectA/Content/HwaseongHaenggung/Material/MI_R_Sign_JSC.uasset" 2038
"D:/Unreal Projects/ProjectA/Content/HwaseongHaenggung/Material/MI_R_Sign_JSC.uexp" 2039
"D:/Unreal Projects/ProjectA/Content/HwaseongHaenggung/Textures/T_W_Pink_1_BC.ubulk" 2040
"D:/Unreal Projects/ProjectA/Content/HwaseongHaenggung/Textures/T_W_Pink_1_BC.uasset" 2041
"D:/Unreal Projects/ProjectA/Content/HwaseongHaenggung/Textures/T_W_Pink_1_BC.uexp" 2042
"D:/Unreal Projects/ProjectA/Content/HwaseongHaenggung/Textures/T_W_Pink_1_N.ubulk" 2043
"D:/Unreal Projects/ProjectA/Content/HwaseongHaenggung/Textures/T_W_Pink_1_N.uasset" 2044
"D:/Unreal Projects/ProjectA/Content/HwaseongHaenggung/Textures/T_W_Pink_1_N.uexp" 2045
"D:/Unreal Projects/ProjectA/Content/HwaseongHaenggung/Textures/T_W_Pink_1_ORD.ubulk" 2046
"D:/Unreal Projects/ProjectA/Content/HwaseongHaenggung/Textures/T_W_Pink_1_ORD.uasset" 2047
"D:/Unreal Projects/ProjectA/Content/HwaseongHaenggung/Textures/T_W_Pink_1_ORD.uexp" 2048
"D:/Unreal Projects/ProjectA/Content/HwaseongHaenggung/Material/MI_W_Pink_1.uasset" 2049
"D:/Unreal Projects/ProjectA/Content/HwaseongHaenggung/Material/MI_W_Pink_1.uexp" 2050
"D:/Unreal Projects/ProjectA/Content/HwaseongHaenggung/Meshes/Buildings/SM_Jibsacheong_1.ubulk" 2051
"D:/Unreal Projects/ProjectA/Content/HwaseongHaenggung/Meshes/Buildings/SM_Jibsacheong_1.uasset" 2052
"D:/Unreal Projects/ProjectA/Content/HwaseongHaenggung/Meshes/Buildings/SM_Jibsacheong_1.uexp" 2053
"D:/Unreal Projects/ProjectA/Content/HwaseongHaenggung/Textures/T_KoreanPaper_2_AO.ubulk" 2054
"D:/Unreal Projects/ProjectA/Content/HwaseongHaenggung/Textures/T_KoreanPaper_2_AO.uasset" 2055
"D:/Unreal Projects/ProjectA/Content/HwaseongHaenggung/Textures/T_KoreanPaper_2_AO.uexp" 2056
"D:/Unreal Projects/ProjectA/Content/HwaseongHaenggung/Textures/T_KoreanPaper_2_BC.ubulk" 2057
"D:/Unreal Projects/ProjectA/Content/HwaseongHaenggung/Textures/T_KoreanPaper_2_BC.uasset" 2058
"D:/Unreal Projects/ProjectA/Content/HwaseongHaenggung/Textures/T_KoreanPaper_2_BC.uexp" 2059
"D:/Unreal Projects/ProjectA/Content/HwaseongHaenggung/Textures/T_KoreanPaper_2_H.ubulk" 2060
"D:/Unreal Projects/ProjectA/Content/HwaseongHaenggung/Textures/T_KoreanPaper_2_H.uasset" 2061
"D:/Unreal Projects/ProjectA/Content/HwaseongHaenggung/Textures/T_KoreanPaper_2_H.uexp" 2062
"D:/Unreal Projects/ProjectA/Content/HwaseongHaenggung/Textures/T_KoreanPaper_2_N.ubulk" 2063
"D:/Unreal Projects/ProjectA/Content/HwaseongHaenggung/Textures/T_KoreanPaper_2_N.uasset" 2064
"D:/Unreal Projects/ProjectA/Content/HwaseongHaenggung/Textures/T_KoreanPaper_2_N.uexp" 2065
"D:/Unreal Projects/ProjectA/Content/HwaseongHaenggung/Textures/T_KoreanPaper_2_R.ubulk" 2066
"D:/Unreal Projects/ProjectA/Content/HwaseongHaenggung/Textures/T_KoreanPaper_2_R.uasset" 2067
"D:/Unreal Projects/ProjectA/Content/HwaseongHaenggung/Textures/T_KoreanPaper_2_R.uexp" 2068
"D:/Unreal Projects/ProjectA/Content/HwaseongHaenggung/Material/MI_KoreanPaper_2.uasset" 2069
"D:/Unreal Projects/ProjectA/Content/HwaseongHaenggung/Material/MI_KoreanPaper_2.uexp" 2070
"D:/Unreal Projects/ProjectA/Content/HwaseongHaenggung/Meshes/Buildings/SM_Jibsacheong_2.ubulk" 2071
"D:/Unreal Projects/ProjectA/Content/HwaseongHaenggung/Meshes/Buildings/SM_Jibsacheong_2.uasset" 2072
"D:/Unreal Projects/ProjectA/Content/HwaseongHaenggung/Meshes/Buildings/SM_Jibsacheong_2.uexp" 2073
"D:/Unreal Projects/ProjectA/Content/HwaseongHaenggung/Textures/Signs/T_Mirohanjeong_BC.ubulk" 2074
"D:/Unreal Projects/ProjectA/Content/HwaseongHaenggung/Textures/Signs/T_Mirohanjeong_BC.uasset" 2075
"D:/Unreal Projects/ProjectA/Content/HwaseongHaenggung/Textures/Signs/T_Mirohanjeong_BC.uexp" 2076
"D:/Unreal Projects/ProjectA/Content/HwaseongHaenggung/Material/MI_R_Sign_MRHJ.uasset" 2077
"D:/Unreal Projects/ProjectA/Content/HwaseongHaenggung/Material/MI_R_Sign_MRHJ.uexp" 2078
"D:/Unreal Projects/ProjectA/Content/HwaseongHaenggung/Meshes/Buildings/SM_Mirohanjeong.ubulk" 2079
"D:/Unreal Projects/ProjectA/Content/HwaseongHaenggung/Meshes/Buildings/SM_Mirohanjeong.uasset" 2080
"D:/Unreal Projects/ProjectA/Content/HwaseongHaenggung/Meshes/Buildings/SM_Mirohanjeong.uexp" 2081
"D:/Unreal Projects/ProjectA/Content/HwaseongHaenggung/Textures/T_M_Handrail_3_BC_1.ubulk" 2082
"D:/Unreal Projects/ProjectA/Content/HwaseongHaenggung/Textures/T_M_Handrail_3_BC_1.uasset" 2083
"D:/Unreal Projects/ProjectA/Content/HwaseongHaenggung/Textures/T_M_Handrail_3_BC_1.uexp" 2084
"D:/Unreal Projects/ProjectA/Content/HwaseongHaenggung/Textures/T_M_Handrail_3_N_1.ubulk" 2085
"D:/Unreal Projects/ProjectA/Content/HwaseongHaenggung/Textures/T_M_Handrail_3_N_1.uasset" 2086
"D:/Unreal Projects/ProjectA/Content/HwaseongHaenggung/Textures/T_M_Handrail_3_N_1.uexp" 2087
"D:/Unreal Projects/ProjectA/Content/HwaseongHaenggung/Textures/T_M_Handrail_3_ORD_1.ubulk" 2088
"D:/Unreal Projects/ProjectA/Content/HwaseongHaenggung/Textures/T_M_Handrail_3_ORD_1.uasset" 2089
"D:/Unreal Projects/ProjectA/Content/HwaseongHaenggung/Textures/T_M_Handrail_3_ORD_1.uexp" 2090
"D:/Unreal Projects/ProjectA/Content/HwaseongHaenggung/Material/MI_M_Handrail_3-1.uasset" 2091
"D:/Unreal Projects/ProjectA/Content/HwaseongHaenggung/Material/MI_M_Handrail_3-1.uexp" 2092
"D:/Unreal Projects/ProjectA/Content/HwaseongHaenggung/Textures/T_M_Handrail_3_BC_2.ubulk" 2093
"D:/Unreal Projects/ProjectA/Content/HwaseongHaenggung/Textures/T_M_Handrail_3_BC_2.uasset" 2094
"D:/Unreal Projects/ProjectA/Content/HwaseongHaenggung/Textures/T_M_Handrail_3_BC_2.uexp" 2095
"D:/Unreal Projects/ProjectA/Content/HwaseongHaenggung/Textures/T_M_Handrail_3_N_2.ubulk" 2096
"D:/Unreal Projects/ProjectA/Content/HwaseongHaenggung/Textures/T_M_Handrail_3_N_2.uasset" 2097
"D:/Unreal Projects/ProjectA/Content/HwaseongHaenggung/Textures/T_M_Handrail_3_N_2.uexp" 2098
"D:/Unreal Projects/ProjectA/Content/HwaseongHaenggung/Textures/T_M_Handrail_3_ORD_2.ubulk" 2099
"D:/Unreal Projects/ProjectA/Content/HwaseongHaenggung/Textures/T_M_Handrail_3_ORD_2.uasset" 2100
"D:/Unreal Projects/ProjectA/Content/HwaseongHaenggung/Textures/T_M_Handrail_3_ORD_2.uexp" 2101
"D:/Unreal Projects/ProjectA/Content/HwaseongHaenggung/Material/MI_M_Handrail_3-2.uasset" 2102
"D:/Unreal Projects/ProjectA/Content/HwaseongHaenggung/Material/MI_M_Handrail_3-2.uexp" 2103
"D:/Unreal Projects/ProjectA/Content/HwaseongHaenggung/Textures/T_Bongsudang_BC.ubulk" 2104
"D:/Unreal Projects/ProjectA/Content/HwaseongHaenggung/Textures/T_Bongsudang_BC.uasset" 2105
"D:/Unreal Projects/ProjectA/Content/HwaseongHaenggung/Textures/T_Bongsudang_BC.uexp" 2106
"D:/Unreal Projects/ProjectA/Content/HwaseongHaenggung/Textures/T_Bongsudang_N.ubulk" 2107
"D:/Unreal Projects/ProjectA/Content/HwaseongHaenggung/Textures/T_Bongsudang_N.uasset" 2108
"D:/Unreal Projects/ProjectA/Content/HwaseongHaenggung/Textures/T_Bongsudang_N.uexp" 2109
"D:/Unreal Projects/ProjectA/Content/HwaseongHaenggung/Material/MI_R_Dancheong_2.uasset" 2110
"D:/Unreal Projects/ProjectA/Content/HwaseongHaenggung/Material/MI_R_Dancheong_2.uexp" 2111
"D:/Unreal Projects/ProjectA/Content/HwaseongHaenggung/Textures/T_Sign_AO.ubulk" 2112
"D:/Unreal Projects/ProjectA/Content/HwaseongHaenggung/Textures/T_Sign_AO.uasset" 2113
"D:/Unreal Projects/ProjectA/Content/HwaseongHaenggung/Textures/T_Sign_AO.uexp" 2114
"D:/Unreal Projects/ProjectA/Content/HwaseongHaenggung/Textures/T_Sign_N.ubulk" 2115
"D:/Unreal Projects/ProjectA/Content/HwaseongHaenggung/Textures/T_Sign_N.uasset" 2116
"D:/Unreal Projects/ProjectA/Content/HwaseongHaenggung/Textures/T_Sign_N.uexp" 2117
"D:/Unreal Projects/ProjectA/Content/HwaseongHaenggung/Textures/T_Sign_R.ubulk" 2118
"D:/Unreal Projects/ProjectA/Content/HwaseongHaenggung/Textures/T_Sign_R.uasset" 2119
"D:/Unreal Projects/ProjectA/Content/HwaseongHaenggung/Textures/T_Sign_R.uexp" 2120
"D:/Unreal Projects/ProjectA/Content/HwaseongHaenggung/Textures/Signs/T_Singpungru_BC.ubulk" 2121
"D:/Unreal Projects/ProjectA/Content/HwaseongHaenggung/Textures/Signs/T_Singpungru_BC.uasset" 2122
"D:/Unreal Projects/ProjectA/Content/HwaseongHaenggung/Textures/Signs/T_Singpungru_BC.uexp" 2123
"D:/Unreal Projects/ProjectA/Content/HwaseongHaenggung/Material/MI_R_Sign_SPR.uasset" 2124
"D:/Unreal Projects/ProjectA/Content/HwaseongHaenggung/Material/MI_R_Sign_SPR.uexp" 2125
"D:/Unreal Projects/ProjectA/Content/HwaseongHaenggung/Meshes/Buildings/SM_Sinpungru.ubulk" 2126
"D:/Unreal Projects/ProjectA/Content/HwaseongHaenggung/Meshes/Buildings/SM_Sinpungru.uasset" 2127
"D:/Unreal Projects/ProjectA/Content/HwaseongHaenggung/Meshes/Buildings/SM_Sinpungru.uexp" 2128
"D:/Unreal Projects/ProjectA/Content/HwaseongHaenggung/Meshes/Buildings/SM_Smallgate_1.ubulk" 2129
"D:/Unreal Projects/ProjectA/Content/HwaseongHaenggung/Meshes/Buildings/SM_Smallgate_1.uasset" 2130
"D:/Unreal Projects/ProjectA/Content/HwaseongHaenggung/Meshes/Buildings/SM_Smallgate_1.uexp" 2131
"D:/Unreal Projects/ProjectA/Content/HwaseongHaenggung/Meshes/Buildings/SM_Smallgate_4.ubulk" 2132
"D:/Unreal Projects/ProjectA/Content/HwaseongHaenggung/Meshes/Buildings/SM_Smallgate_4.uasset" 2133
"D:/Unreal Projects/ProjectA/Content/HwaseongHaenggung/Meshes/Buildings/SM_Smallgate_4.uexp" 2134
"D:/Unreal Projects/ProjectA/Content/HwaseongHaenggung/Textures/Additions/T_Sign_AO.ubulk" 2135
"D:/Unreal Projects/ProjectA/Content/HwaseongHaenggung/Textures/Additions/T_Sign_AO.uasset" 2136
"D:/Unreal Projects/ProjectA/Content/HwaseongHaenggung/Textures/Additions/T_Sign_AO.uexp" 2137
"D:/Unreal Projects/ProjectA/Content/HwaseongHaenggung/Textures/Additions/T_Sign_N.ubulk" 2138
"D:/Unreal Projects/ProjectA/Content/HwaseongHaenggung/Textures/Additions/T_Sign_N.uasset" 2139
"D:/Unreal Projects/ProjectA/Content/HwaseongHaenggung/Textures/Additions/T_Sign_N.uexp" 2140
"D:/Unreal Projects/ProjectA/Content/HwaseongHaenggung/Textures/Additions/T_Sign_R.ubulk" 2141
"D:/Unreal Projects/ProjectA/Content/HwaseongHaenggung/Textures/Additions/T_Sign_R.uasset" 2142
"D:/Unreal Projects/ProjectA/Content/HwaseongHaenggung/Textures/Additions/T_Sign_R.uexp" 2143
"D:/Unreal Projects/ProjectA/Content/HwaseongHaenggung/Textures/Additions/T_Uhwagwan_BC.ubulk" 2144
"D:/Unreal Projects/ProjectA/Content/HwaseongHaenggung/Textures/Additions/T_Uhwagwan_BC.uasset" 2145
"D:/Unreal Projects/ProjectA/Content/HwaseongHaenggung/Textures/Additions/T_Uhwagwan_BC.uexp" 2146
"D:/Unreal Projects/ProjectA/Content/HwaseongHaenggung/Material/Additions/MI_R_Sign_UHG2.uasset" 2147
"D:/Unreal Projects/ProjectA/Content/HwaseongHaenggung/Material/Additions/MI_R_Sign_UHG2.uexp" 2148
"D:/Unreal Projects/ProjectA/Content/HwaseongHaenggung/Textures/T_RoyalStair_1_BC.ubulk" 2149
"D:/Unreal Projects/ProjectA/Content/HwaseongHaenggung/Textures/T_RoyalStair_1_BC.uasset" 2150
"D:/Unreal Projects/ProjectA/Content/HwaseongHaenggung/Textures/T_RoyalStair_1_BC.uexp" 2151
"D:/Unreal Projects/ProjectA/Content/HwaseongHaenggung/Textures/T_RoyalStair_1_N.ubulk" 2152
"D:/Unreal Projects/ProjectA/Content/HwaseongHaenggung/Textures/T_RoyalStair_1_N.uasset" 2153
"D:/Unreal Projects/ProjectA/Content/HwaseongHaenggung/Textures/T_RoyalStair_1_N.uexp" 2154
"D:/Unreal Projects/ProjectA/Content/HwaseongHaenggung/Textures/T_RoyalStair_1_ORD.ubulk" 2155
"D:/Unreal Projects/ProjectA/Content/HwaseongHaenggung/Textures/T_RoyalStair_1_ORD.uasset" 2156
"D:/Unreal Projects/ProjectA/Content/HwaseongHaenggung/Textures/T_RoyalStair_1_ORD.uexp" 2157
"D:/Unreal Projects/ProjectA/Content/HwaseongHaenggung/Material/MI_RoyalStair_1.uasset" 2158
"D:/Unreal Projects/ProjectA/Content/HwaseongHaenggung/Material/MI_RoyalStair_1.uexp" 2159
"D:/Unreal Projects/ProjectA/Content/HwaseongHaenggung/Textures/Additions/T_BlackSteel_BC.ubulk" 2160
"D:/Unreal Projects/ProjectA/Content/HwaseongHaenggung/Textures/Additions/T_BlackSteel_BC.uasset" 2161
"D:/Unreal Projects/ProjectA/Content/HwaseongHaenggung/Textures/Additions/T_BlackSteel_BC.uexp" 2162
"D:/Unreal Projects/ProjectA/Content/HwaseongHaenggung/Textures/Additions/T_BlackSteel_N.ubulk" 2163
"D:/Unreal Projects/ProjectA/Content/HwaseongHaenggung/Textures/Additions/T_BlackSteel_N.uasset" 2164
"D:/Unreal Projects/ProjectA/Content/HwaseongHaenggung/Textures/Additions/T_BlackSteel_N.uexp" 2165
"D:/Unreal Projects/ProjectA/Content/HwaseongHaenggung/Textures/Additions/T_BlackSteel_R.ubulk" 2166
"D:/Unreal Projects/ProjectA/Content/HwaseongHaenggung/Textures/Additions/T_BlackSteel_R.uasset" 2167
"D:/Unreal Projects/ProjectA/Content/HwaseongHaenggung/Textures/Additions/T_BlackSteel_R.uexp" 2168
"D:/Unreal Projects/ProjectA/Content/HwaseongHaenggung/Material/Additions/M_Blacksteel.uasset" 2169
"D:/Unreal Projects/ProjectA/Content/HwaseongHaenggung/Material/Additions/M_Blacksteel.uexp" 2170
"D:/Unreal Projects/ProjectA/Content/HwaseongHaenggung/Textures/Additions/T_Buyeon_AO.ubulk" 2171
"D:/Unreal Projects/ProjectA/Content/HwaseongHaenggung/Textures/Additions/T_Buyeon_AO.uasset" 2172
"D:/Unreal Projects/ProjectA/Content/HwaseongHaenggung/Textures/Additions/T_Buyeon_AO.uexp" 2173
"D:/Unreal Projects/ProjectA/Content/HwaseongHaenggung/Textures/Additions/T_Buyeon_2_BC.ubulk" 2174
"D:/Unreal Projects/ProjectA/Content/HwaseongHaenggung/Textures/Additions/T_Buyeon_2_BC.uasset" 2175
"D:/Unreal Projects/ProjectA/Content/HwaseongHaenggung/Textures/Additions/T_Buyeon_2_BC.uexp" 2176
"D:/Unreal Projects/ProjectA/Content/HwaseongHaenggung/Material/Additions/M_Buyeon_2.uasset" 2177
"D:/Unreal Projects/ProjectA/Content/HwaseongHaenggung/Material/Additions/M_Buyeon_2.uexp" 2178
"D:/Unreal Projects/ProjectA/Content/HwaseongHaenggung/Textures/Additions/T_Buyeon_1_BC.ubulk" 2179
"D:/Unreal Projects/ProjectA/Content/HwaseongHaenggung/Textures/Additions/T_Buyeon_1_BC.uasset" 2180
"D:/Unreal Projects/ProjectA/Content/HwaseongHaenggung/Textures/Additions/T_Buyeon_1_BC.uexp" 2181
"D:/Unreal Projects/ProjectA/Content/HwaseongHaenggung/Material/Additions/M_Buyeon_3.uasset" 2182
"D:/Unreal Projects/ProjectA/Content/HwaseongHaenggung/Material/Additions/M_Buyeon_3.uexp" 2183
"D:/Unreal Projects/ProjectA/Content/HwaseongHaenggung/Textures/Additions/T_Green_2_BC.ubulk" 2184
"D:/Unreal Projects/ProjectA/Content/HwaseongHaenggung/Textures/Additions/T_Green_2_BC.uasset" 2185
"D:/Unreal Projects/ProjectA/Content/HwaseongHaenggung/Textures/Additions/T_Green_2_BC.uexp" 2186
"D:/Unreal Projects/ProjectA/Content/HwaseongHaenggung/Material/Additions/M_Green_2.uasset" 2187
"D:/Unreal Projects/ProjectA/Content/HwaseongHaenggung/Material/Additions/M_Green_2.uexp" 2188
"D:/Unreal Projects/ProjectA/Content/HwaseongHaenggung/Textures/Additions/T_Green_3_BC.ubulk" 2189
"D:/Unreal Projects/ProjectA/Content/HwaseongHaenggung/Textures/Additions/T_Green_3_BC.uasset" 2190
"D:/Unreal Projects/ProjectA/Content/HwaseongHaenggung/Textures/Additions/T_Green_3_BC.uexp" 2191
"D:/Unreal Projects/ProjectA/Content/HwaseongHaenggung/Material/Additions/M_Green_3.uasset" 2192
"D:/Unreal Projects/ProjectA/Content/HwaseongHaenggung/Material/Additions/M_Green_3.uexp" 2193
"D:/Unreal Projects/ProjectA/Content/HwaseongHaenggung/Textures/Additions/T_Ornament_2_N.ubulk" 2194
"D:/Unreal Projects/ProjectA/Content/HwaseongHaenggung/Textures/Additions/T_Ornament_2_N.uasset" 2195
"D:/Unreal Projects/ProjectA/Content/HwaseongHaenggung/Textures/Additions/T_Ornament_2_N.uexp" 2196
"D:/Unreal Projects/ProjectA/Content/HwaseongHaenggung/Textures/Additions/T_Ornament_BC.ubulk" 2197
"D:/Unreal Projects/ProjectA/Content/HwaseongHaenggung/Textures/Additions/T_Ornament_BC.uasset" 2198
"D:/Unreal Projects/ProjectA/Content/HwaseongHaenggung/Textures/Additions/T_Ornament_BC.uexp" 2199
"D:/Unreal Projects/ProjectA/Content/HwaseongHaenggung/Material/Additions/M_Ornament_1.uasset" 2200
"D:/Unreal Projects/ProjectA/Content/HwaseongHaenggung/Material/Additions/M_Ornament_1.uexp" 2201
"D:/Unreal Projects/ProjectA/Content/HwaseongHaenggung/Textures/Additions/T_Roof_BC.ubulk" 2202
"D:/Unreal Projects/ProjectA/Content/HwaseongHaenggung/Textures/Additions/T_Roof_BC.uasset" 2203
"D:/Unreal Projects/ProjectA/Content/HwaseongHaenggung/Textures/Additions/T_Roof_BC.uexp" 2204
"D:/Unreal Projects/ProjectA/Content/HwaseongHaenggung/Textures/Additions/T_Roof_N.ubulk" 2205
"D:/Unreal Projects/ProjectA/Content/HwaseongHaenggung/Textures/Additions/T_Roof_N.uasset" 2206
"D:/Unreal Projects/ProjectA/Content/HwaseongHaenggung/Textures/Additions/T_Roof_N.uexp" 2207
"D:/Unreal Projects/ProjectA/Content/HwaseongHaenggung/Textures/Additions/T_Roof_R.ubulk" 2208
"D:/Unreal Projects/ProjectA/Content/HwaseongHaenggung/Textures/Additions/T_Roof_R.uasset" 2209
"D:/Unreal Projects/ProjectA/Content/HwaseongHaenggung/Textures/Additions/T_Roof_R.uexp" 2210
"D:/Unreal Projects/ProjectA/Content/HwaseongHaenggung/Material/Additions/M_Roof_2.uasset" 2211
"D:/Unreal Projects/ProjectA/Content/HwaseongHaenggung/Material/Additions/M_Roof_2.uexp" 2212
"D:/Unreal Projects/ProjectA/Content/HwaseongHaenggung/Meshes/Buildings/SM_Uhwagan.ubulk" 2213
"D:/Unreal Projects/ProjectA/Content/HwaseongHaenggung/Meshes/Buildings/SM_Uhwagan.uasset" 2214
"D:/Unreal Projects/ProjectA/Content/HwaseongHaenggung/Meshes/Buildings/SM_Uhwagan.uexp" 2215
"D:/Unreal Projects/ProjectA/Content/HwaseongHaenggung/Textures/T_Koreantile_2_AO.ubulk" 2216
"D:/Unreal Projects/ProjectA/Content/HwaseongHaenggung/Textures/T_Koreantile_2_AO.uasset" 2217
"D:/Unreal Projects/ProjectA/Content/HwaseongHaenggung/Textures/T_Koreantile_2_AO.uexp" 2218
"D:/Unreal Projects/ProjectA/Content/HwaseongHaenggung/Textures/T_Koreantile_2_BC.ubulk" 2219
"D:/Unreal Projects/ProjectA/Content/HwaseongHaenggung/Textures/T_Koreantile_2_BC.uasset" 2220
"D:/Unreal Projects/ProjectA/Content/HwaseongHaenggung/Textures/T_Koreantile_2_BC.uexp" 2221
"D:/Unreal Projects/ProjectA/Content/HwaseongHaenggung/Textures/T_Koreantile_2_N.ubulk" 2222
"D:/Unreal Projects/ProjectA/Content/HwaseongHaenggung/Textures/T_Koreantile_2_N.uasset" 2223
"D:/Unreal Projects/ProjectA/Content/HwaseongHaenggung/Textures/T_Koreantile_2_N.uexp" 2224
"D:/Unreal Projects/ProjectA/Content/HwaseongHaenggung/Textures/T_Koreantile_2_R.ubulk" 2225
"D:/Unreal Projects/ProjectA/Content/HwaseongHaenggung/Textures/T_Koreantile_2_R.uasset" 2226
"D:/Unreal Projects/ProjectA/Content/HwaseongHaenggung/Textures/T_Koreantile_2_R.uexp" 2227
"D:/Unreal Projects/ProjectA/Content/HwaseongHaenggung/Material/MI_Koreantile_2.uasset" 2228
"D:/Unreal Projects/ProjectA/Content/HwaseongHaenggung/Material/MI_Koreantile_2.uexp" 2229
"D:/Unreal Projects/ProjectA/Content/HwaseongHaenggung/Textures/T_KoreanBrick_3_AO.ubulk" 2230
"D:/Unreal Projects/ProjectA/Content/HwaseongHaenggung/Textures/T_KoreanBrick_3_AO.uasset" 2231
"D:/Unreal Projects/ProjectA/Content/HwaseongHaenggung/Textures/T_KoreanBrick_3_AO.uexp" 2232
"D:/Unreal Projects/ProjectA/Content/HwaseongHaenggung/Material/MI_Sand.uasset" 2233
"D:/Unreal Projects/ProjectA/Content/HwaseongHaenggung/Material/MI_Sand.uexp" 2234
"D:/Unreal Projects/ProjectA/Content/HwaseongHaenggung/Textures/T_W_Magenta_1_N.ubulk" 2235
"D:/Unreal Projects/ProjectA/Content/HwaseongHaenggung/Textures/T_W_Magenta_1_N.uasset" 2236
"D:/Unreal Projects/ProjectA/Content/HwaseongHaenggung/Textures/T_W_Magenta_1_N.uexp" 2237
"D:/Unreal Projects/ProjectA/Content/HwaseongHaenggung/Textures/T_W_Orange_1_BC.ubulk" 2238
"D:/Unreal Projects/ProjectA/Content/HwaseongHaenggung/Textures/T_W_Orange_1_BC.uasset" 2239
"D:/Unreal Projects/ProjectA/Content/HwaseongHaenggung/Textures/T_W_Orange_1_BC.uexp" 2240
"D:/Unreal Projects/ProjectA/Content/HwaseongHaenggung/Material/MI_W_Orange_1.uasset" 2241
"D:/Unreal Projects/ProjectA/Content/HwaseongHaenggung/Material/MI_W_Orange_1.uexp" 2242
"D:/Unreal Projects/ProjectA/Content/HwaseongHaenggung/Textures/T_Curtain_AO.ubulk" 2243
"D:/Unreal Projects/ProjectA/Content/HwaseongHaenggung/Textures/T_Curtain_AO.uasset" 2244
"D:/Unreal Projects/ProjectA/Content/HwaseongHaenggung/Textures/T_Curtain_AO.uexp" 2245
"D:/Unreal Projects/ProjectA/Content/HwaseongHaenggung/Textures/T_Curtain_BC.ubulk" 2246
"D:/Unreal Projects/ProjectA/Content/HwaseongHaenggung/Textures/T_Curtain_BC.uasset" 2247
"D:/Unreal Projects/ProjectA/Content/HwaseongHaenggung/Textures/T_Curtain_BC.uexp" 2248
"D:/Unreal Projects/ProjectA/Content/HwaseongHaenggung/Textures/T_Curtain_N.ubulk" 2249
"D:/Unreal Projects/ProjectA/Content/HwaseongHaenggung/Textures/T_Curtain_N.uasset" 2250
"D:/Unreal Projects/ProjectA/Content/HwaseongHaenggung/Textures/T_Curtain_N.uexp" 2251
"D:/Unreal Projects/ProjectA/Content/HwaseongHaenggung/Textures/T_Curtain_R.ubulk" 2252
"D:/Unreal Projects/ProjectA/Content/HwaseongHaenggung/Textures/T_Curtain_R.uasset" 2253
"D:/Unreal Projects/ProjectA/Content/HwaseongHaenggung/Textures/T_Curtain_R.uexp" 2254
"D:/Unreal Projects/ProjectA/Content/HwaseongHaenggung/Material/MI_Curtain.uasset" 2255
"D:/Unreal Projects/ProjectA/Content/HwaseongHaenggung/Material/MI_Curtain.uexp" 2256
"D:/Unreal Projects/ProjectA/Content/HwaseongHaenggung/Textures/T_KoreanBrick_3_H.ubulk" 2257
"D:/Unreal Projects/ProjectA/Content/HwaseongHaenggung/Textures/T_KoreanBrick_3_H.uasset" 2258
"D:/Unreal Projects/ProjectA/Content/HwaseongHaenggung/Textures/T_KoreanBrick_3_H.uexp" 2259
"D:/Unreal Projects/ProjectA/Content/HwaseongHaenggung/Textures/T_KoreanBrick_3_BC.ubulk" 2260
"D:/Unreal Projects/ProjectA/Content/HwaseongHaenggung/Textures/T_KoreanBrick_3_BC.uasset" 2261
"D:/Unreal Projects/ProjectA/Content/HwaseongHaenggung/Textures/T_KoreanBrick_3_BC.uexp" 2262
"D:/Unreal Projects/ProjectA/Content/HwaseongHaenggung/Textures/T_KoreanBrick_3_N.ubulk" 2263
"D:/Unreal Projects/ProjectA/Content/HwaseongHaenggung/Textures/T_KoreanBrick_3_N.uasset" 2264
"D:/Unreal Projects/ProjectA/Content/HwaseongHaenggung/Textures/T_KoreanBrick_3_N.uexp" 2265
"D:/Unreal Projects/ProjectA/Content/HwaseongHaenggung/Textures/T_KoreanBrick_3_R.ubulk" 2266
"D:/Unreal Projects/ProjectA/Content/HwaseongHaenggung/Textures/T_KoreanBrick_3_R.uasset" 2267
"D:/Unreal Projects/ProjectA/Content/HwaseongHaenggung/Textures/T_KoreanBrick_3_R.uexp" 2268
"D:/Unreal Projects/ProjectA/Content/HwaseongHaenggung/Material/MI_KoreanBrick_3.uasset" 2269
"D:/Unreal Projects/ProjectA/Content/HwaseongHaenggung/Material/MI_KoreanBrick_3.uexp" 2270
"D:/Unreal Projects/ProjectA/Content/HwaseongHaenggung/Textures/T_Panels_AO.ubulk" 2271
"D:/Unreal Projects/ProjectA/Content/HwaseongHaenggung/Textures/T_Panels_AO.uasset" 2272
"D:/Unreal Projects/ProjectA/Content/HwaseongHaenggung/Textures/T_Panels_AO.uexp" 2273
"D:/Unreal Projects/ProjectA/Content/HwaseongHaenggung/Textures/T_Panels_BC.ubulk" 2274
"D:/Unreal Projects/ProjectA/Content/HwaseongHaenggung/Textures/T_Panels_BC.uasset" 2275
"D:/Unreal Projects/ProjectA/Content/HwaseongHaenggung/Textures/T_Panels_BC.uexp" 2276
"D:/Unreal Projects/ProjectA/Content/HwaseongHaenggung/Textures/T_Panels_N.ubulk" 2277
"D:/Unreal Projects/ProjectA/Content/HwaseongHaenggung/Textures/T_Panels_N.uasset" 2278
"D:/Unreal Projects/ProjectA/Content/HwaseongHaenggung/Textures/T_Panels_N.uexp" 2279
"D:/Unreal Projects/ProjectA/Content/HwaseongHaenggung/Textures/T_Panels_R.ubulk" 2280
"D:/Unreal Projects/ProjectA/Content/HwaseongHaenggung/Textures/T_Panels_R.uasset" 2281
"D:/Unreal Projects/ProjectA/Content/HwaseongHaenggung/Textures/T_Panels_R.uexp" 2282
"D:/Unreal Projects/ProjectA/Content/HwaseongHaenggung/Material/MI_Panel.uasset" 2283
"D:/Unreal Projects/ProjectA/Content/HwaseongHaenggung/Material/MI_Panel.uexp" 2284
"D:/Unreal Projects/ProjectA/Content/HwaseongHaenggung/Textures/T_Pictures_BC-01.ubulk" 2285
"D:/Unreal Projects/ProjectA/Content/HwaseongHaenggung/Textures/T_Pictures_BC-01.uasset" 2286
"D:/Unreal Projects/ProjectA/Content/HwaseongHaenggung/Textures/T_Pictures_BC-01.uexp" 2287
"D:/Unreal Projects/ProjectA/Content/HwaseongHaenggung/Material/MI_Pictures.uasset" 2288
"D:/Unreal Projects/ProjectA/Content/HwaseongHaenggung/Material/MI_Pictures.uexp" 2289
"D:/Unreal Projects/ProjectA/Content/HwaseongHaenggung/Textures/T_RoyalStair_3_BC.ubulk" 2290
"D:/Unreal Projects/ProjectA/Content/HwaseongHaenggung/Textures/T_RoyalStair_3_BC.uasset" 2291
"D:/Unreal Projects/ProjectA/Content/HwaseongHaenggung/Textures/T_RoyalStair_3_BC.uexp" 2292
"D:/Unreal Projects/ProjectA/Content/HwaseongHaenggung/Textures/T_RoyalStair_3_N.ubulk" 2293
"D:/Unreal Projects/ProjectA/Content/HwaseongHaenggung/Textures/T_RoyalStair_3_N.uasset" 2294
"D:/Unreal Projects/ProjectA/Content/HwaseongHaenggung/Textures/T_RoyalStair_3_N.uexp" 2295
"D:/Unreal Projects/ProjectA/Content/HwaseongHaenggung/Textures/T_RoyalStair_3_ORD.ubulk" 2296
"D:/Unreal Projects/ProjectA/Content/HwaseongHaenggung/Textures/T_RoyalStair_3_ORD.uasset" 2297
"D:/Unreal Projects/ProjectA/Content/HwaseongHaenggung/Textures/T_RoyalStair_3_ORD.uexp" 2298
"D:/Unreal Projects/ProjectA/Content/HwaseongHaenggung/Material/MI_RoyalStair_3.uasset" 2299
"D:/Unreal Projects/ProjectA/Content/HwaseongHaenggung/Material/MI_RoyalStair_3.uexp" 2300
"D:/Unreal Projects/ProjectA/Content/HwaseongHaenggung/Textures/T_Ceiling_AO.ubulk" 2301
"D:/Unreal Projects/ProjectA/Content/HwaseongHaenggung/Textures/T_Ceiling_AO.uasset" 2302
"D:/Unreal Projects/ProjectA/Content/HwaseongHaenggung/Textures/T_Ceiling_AO.uexp" 2303
"D:/Unreal Projects/ProjectA/Content/HwaseongHaenggung/Textures/T_Ceiling_N.ubulk" 2304
"D:/Unreal Projects/ProjectA/Content/HwaseongHaenggung/Textures/T_Ceiling_N.uasset" 2305
"D:/Unreal Projects/ProjectA/Content/HwaseongHaenggung/Textures/T_Ceiling_N.uexp" 2306
"D:/Unreal Projects/ProjectA/Content/HwaseongHaenggung/Textures/T_Ceiling_R.ubulk" 2307
"D:/Unreal Projects/ProjectA/Content/HwaseongHaenggung/Textures/T_Ceiling_R.uasset" 2308
"D:/Unreal Projects/ProjectA/Content/HwaseongHaenggung/Textures/T_Ceiling_R.uexp" 2309
"D:/Unreal Projects/ProjectA/Content/HwaseongHaenggung/Textures/T_Ceiling2_BC.ubulk" 2310
"D:/Unreal Projects/ProjectA/Content/HwaseongHaenggung/Textures/T_Ceiling2_BC.uasset" 2311
"D:/Unreal Projects/ProjectA/Content/HwaseongHaenggung/Textures/T_Ceiling2_BC.uexp" 2312
"D:/Unreal Projects/ProjectA/Content/HwaseongHaenggung/Material/MI_R_Ceiling_2.uasset" 2313
"D:/Unreal Projects/ProjectA/Content/HwaseongHaenggung/Material/MI_R_Ceiling_2.uexp" 2314
"D:/Unreal Projects/ProjectA/Content/HwaseongHaenggung/Textures/Signs/T_SignUnhangag_BC.ubulk" 2315
"D:/Unreal Projects/ProjectA/Content/HwaseongHaenggung/Textures/Signs/T_SignUnhangag_BC.uasset" 2316
"D:/Unreal Projects/ProjectA/Content/HwaseongHaenggung/Textures/Signs/T_SignUnhangag_BC.uexp" 2317
"D:/Unreal Projects/ProjectA/Content/HwaseongHaenggung/Material/MI_R_Sign_UHG.uasset" 2318
"D:/Unreal Projects/ProjectA/Content/HwaseongHaenggung/Material/MI_R_Sign_UHG.uexp" 2319
"D:/Unreal Projects/ProjectA/Content/HwaseongHaenggung/Textures/T_W_Magenta_1_BC.ubulk" 2320
"D:/Unreal Projects/ProjectA/Content/HwaseongHaenggung/Textures/T_W_Magenta_1_BC.uasset" 2321
"D:/Unreal Projects/ProjectA/Content/HwaseongHaenggung/Textures/T_W_Magenta_1_BC.uexp" 2322
"D:/Unreal Projects/ProjectA/Content/HwaseongHaenggung/Textures/T_W_Magenta_1_ORD.ubulk" 2323
"D:/Unreal Projects/ProjectA/Content/HwaseongHaenggung/Textures/T_W_Magenta_1_ORD.uasset" 2324
"D:/Unreal Projects/ProjectA/Content/HwaseongHaenggung/Textures/T_W_Magenta_1_ORD.uexp" 2325
"D:/Unreal Projects/ProjectA/Content/HwaseongHaenggung/Material/MI_W_Magenta_1.uasset" 2326
"D:/Unreal Projects/ProjectA/Content/HwaseongHaenggung/Material/MI_W_Magenta_1.uexp" 2327
"D:/Unreal Projects/ProjectA/Content/HwaseongHaenggung/Meshes/Buildings/SM_Unhwagak_Iancheong.ubulk" 2328
"D:/Unreal Projects/ProjectA/Content/HwaseongHaenggung/Meshes/Buildings/SM_Unhwagak_Iancheong.uasset" 2329
"D:/Unreal Projects/ProjectA/Content/HwaseongHaenggung/Meshes/Buildings/SM_Unhwagak_Iancheong.uexp" 2330
"D:/Unreal Projects/ProjectA/Content/HwaseongHaenggung/Textures/Signs/T_Yuyotaek1_BC.ubulk" 2331
"D:/Unreal Projects/ProjectA/Content/HwaseongHaenggung/Textures/Signs/T_Yuyotaek1_BC.uasset" 2332
"D:/Unreal Projects/ProjectA/Content/HwaseongHaenggung/Textures/Signs/T_Yuyotaek1_BC.uexp" 2333
"D:/Unreal Projects/ProjectA/Content/HwaseongHaenggung/Textures/Signs/T_Yuyotaek_N.ubulk" 2334
"D:/Unreal Projects/ProjectA/Content/HwaseongHaenggung/Textures/Signs/T_Yuyotaek_N.uasset" 2335
"D:/Unreal Projects/ProjectA/Content/HwaseongHaenggung/Textures/Signs/T_Yuyotaek_N.uexp" 2336
"D:/Unreal Projects/ProjectA/Content/HwaseongHaenggung/Textures/Signs/T_Yuyotaek_R.ubulk" 2337
"D:/Unreal Projects/ProjectA/Content/HwaseongHaenggung/Textures/Signs/T_Yuyotaek_R.uasset" 2338
"D:/Unreal Projects/ProjectA/Content/HwaseongHaenggung/Textures/Signs/T_Yuyotaek_R.uexp" 2339
"D:/Unreal Projects/ProjectA/Content/HwaseongHaenggung/Material/MI_R_Sign_YYT_1.uasset" 2340
"D:/Unreal Projects/ProjectA/Content/HwaseongHaenggung/Material/MI_R_Sign_YYT_1.uexp" 2341
"D:/Unreal Projects/ProjectA/Content/HwaseongHaenggung/Textures/Signs/T_Yuyotaek2_BC.ubulk" 2342
"D:/Unreal Projects/ProjectA/Content/HwaseongHaenggung/Textures/Signs/T_Yuyotaek2_BC.uasset" 2343
"D:/Unreal Projects/ProjectA/Content/HwaseongHaenggung/Textures/Signs/T_Yuyotaek2_BC.uexp" 2344
"D:/Unreal Projects/ProjectA/Content/HwaseongHaenggung/Material/MI_R_Sign_YYT_2.uasset" 2345
"D:/Unreal Projects/ProjectA/Content/HwaseongHaenggung/Material/MI_R_Sign_YYT_2.uexp" 2346
"D:/Unreal Projects/ProjectA/Content/HwaseongHaenggung/Textures/Signs/T_Yuyotaek3_BC.ubulk" 2347
"D:/Unreal Projects/ProjectA/Content/HwaseongHaenggung/Textures/Signs/T_Yuyotaek3_BC.uasset" 2348
"D:/Unreal Projects/ProjectA/Content/HwaseongHaenggung/Textures/Signs/T_Yuyotaek3_BC.uexp" 2349
"D:/Unreal Projects/ProjectA/Content/HwaseongHaenggung/Material/MI_R_Sign_YYT_3.uasset" 2350
"D:/Unreal Projects/ProjectA/Content/HwaseongHaenggung/Material/MI_R_Sign_YYT_3.uexp" 2351
"D:/Unreal Projects/ProjectA/Content/HwaseongHaenggung/Textures/Signs/T_Yuyotaek5_BC.ubulk" 2352
"D:/Unreal Projects/ProjectA/Content/HwaseongHaenggung/Textures/Signs/T_Yuyotaek5_BC.uasset" 2353
"D:/Unreal Projects/ProjectA/Content/HwaseongHaenggung/Textures/Signs/T_Yuyotaek5_BC.uexp" 2354
"D:/Unreal Projects/ProjectA/Content/HwaseongHaenggung/Material/MI_R_Sign_YYT_5.uasset" 2355
"D:/Unreal Projects/ProjectA/Content/HwaseongHaenggung/Material/MI_R_Sign_YYT_5.uexp" 2356
"D:/Unreal Projects/ProjectA/Content/HwaseongHaenggung/Textures/Signs/T_Yuyotaek6_BC.ubulk" 2357
"D:/Unreal Projects/ProjectA/Content/HwaseongHaenggung/Textures/Signs/T_Yuyotaek6_BC.uasset" 2358
"D:/Unreal Projects/ProjectA/Content/HwaseongHaenggung/Textures/Signs/T_Yuyotaek6_BC.uexp" 2359
"D:/Unreal Projects/ProjectA/Content/HwaseongHaenggung/Material/MI_R_Sign_YYT_6.uasset" 2360
"D:/Unreal Projects/ProjectA/Content/HwaseongHaenggung/Material/MI_R_Sign_YYT_6.uexp" 2361
"D:/Unreal Projects/ProjectA/Content/HwaseongHaenggung/Textures/Signs/T_Yuyotaek7_BC.ubulk" 2362
"D:/Unreal Projects/ProjectA/Content/HwaseongHaenggung/Textures/Signs/T_Yuyotaek7_BC.uasset" 2363
"D:/Unreal Projects/ProjectA/Content/HwaseongHaenggung/Textures/Signs/T_Yuyotaek7_BC.uexp" 2364
"D:/Unreal Projects/ProjectA/Content/HwaseongHaenggung/Material/MI_R_Sign_YYT_7.uasset" 2365
"D:/Unreal Projects/ProjectA/Content/HwaseongHaenggung/Material/MI_R_Sign_YYT_7.uexp" 2366
"D:/Unreal Projects/ProjectA/Content/HwaseongHaenggung/Textures/Signs/T_Yuyotaek8_BC.ubulk" 2367
"D:/Unreal Projects/ProjectA/Content/HwaseongHaenggung/Textures/Signs/T_Yuyotaek8_BC.uasset" 2368
"D:/Unreal Projects/ProjectA/Content/HwaseongHaenggung/Textures/Signs/T_Yuyotaek8_BC.uexp" 2369
"D:/Unreal Projects/ProjectA/Content/HwaseongHaenggung/Material/MI_R_Sign_YYT_8.uasset" 2370
"D:/Unreal Projects/ProjectA/Content/HwaseongHaenggung/Material/MI_R_Sign_YYT_8.uexp" 2371
"D:/Unreal Projects/ProjectA/Content/HwaseongHaenggung/Textures/Signs/T_Yuyotaek9_BC.ubulk" 2372
"D:/Unreal Projects/ProjectA/Content/HwaseongHaenggung/Textures/Signs/T_Yuyotaek9_BC.uasset" 2373
"D:/Unreal Projects/ProjectA/Content/HwaseongHaenggung/Textures/Signs/T_Yuyotaek9_BC.uexp" 2374
"D:/Unreal Projects/ProjectA/Content/HwaseongHaenggung/Material/MI_R_Sign_YYT_9.uasset" 2375
"D:/Unreal Projects/ProjectA/Content/HwaseongHaenggung/Material/MI_R_Sign_YYT_9.uexp" 2376
"D:/Unreal Projects/ProjectA/Content/HwaseongHaenggung/Textures/Signs/T_Yuyotaek10_BC.ubulk" 2377
"D:/Unreal Projects/ProjectA/Content/HwaseongHaenggung/Textures/Signs/T_Yuyotaek10_BC.uasset" 2378
"D:/Unreal Projects/ProjectA/Content/HwaseongHaenggung/Textures/Signs/T_Yuyotaek10_BC.uexp" 2379
"D:/Unreal Projects/ProjectA/Content/HwaseongHaenggung/Material/MI_R_Sign_YYT_10.uasset" 2380
"D:/Unreal Projects/ProjectA/Content/HwaseongHaenggung/Material/MI_R_Sign_YYT_10.uexp" 2381
"D:/Unreal Projects/ProjectA/Content/HwaseongHaenggung/Textures/Signs/T_YuyotaekSignA_BC.ubulk" 2382
"D:/Unreal Projects/ProjectA/Content/HwaseongHaenggung/Textures/Signs/T_YuyotaekSignA_BC.uasset" 2383
"D:/Unreal Projects/ProjectA/Content/HwaseongHaenggung/Textures/Signs/T_YuyotaekSignA_BC.uexp" 2384
"D:/Unreal Projects/ProjectA/Content/HwaseongHaenggung/Material/MI_R_Sign_YYT_12.uasset" 2385
"D:/Unreal Projects/ProjectA/Content/HwaseongHaenggung/Material/MI_R_Sign_YYT_12.uexp" 2386
"D:/Unreal Projects/ProjectA/Content/HwaseongHaenggung/Textures/Signs/T_YuyotaekSignB_BC.ubulk" 2387
"D:/Unreal Projects/ProjectA/Content/HwaseongHaenggung/Textures/Signs/T_YuyotaekSignB_BC.uasset" 2388
"D:/Unreal Projects/ProjectA/Content/HwaseongHaenggung/Textures/Signs/T_YuyotaekSignB_BC.uexp" 2389
"D:/Unreal Projects/ProjectA/Content/HwaseongHaenggung/Material/MI_R_Sign_YYT_13.uasset" 2390
"D:/Unreal Projects/ProjectA/Content/HwaseongHaenggung/Material/MI_R_Sign_YYT_13.uexp" 2391
"D:/Unreal Projects/ProjectA/Content/HwaseongHaenggung/Meshes/Buildings/SM_Yuyeotaek.ubulk" 2392
"D:/Unreal Projects/ProjectA/Content/HwaseongHaenggung/Meshes/Buildings/SM_Yuyeotaek.uasset" 2393
"D:/Unreal Projects/ProjectA/Content/HwaseongHaenggung/Meshes/Buildings/SM_Yuyeotaek.uexp" 2394
"D:/Unreal Projects/ProjectA/Content/_Asset/StaticMesh/Floor.ubulk" 2395
"D:/Unreal Projects/ProjectA/Content/_Asset/StaticMesh/Floor.uasset" 2396
"D:/Unreal Projects/ProjectA/Content/_Asset/StaticMesh/Floor.uexp" 2397
"D:/Unreal Projects/ProjectA/Content/_Asset/StaticMesh/Pillar.ubulk" 2398
"D:/Unreal Projects/ProjectA/Content/_Asset/StaticMesh/Pillar.uasset" 2399
"D:/Unreal Projects/ProjectA/Content/_Asset/StaticMesh/Pillar.uexp" 2400
"D:/Unreal Projects/ProjectA/Content/_Asset/StaticMesh/RoofOuter.ubulk" 2401
"D:/Unreal Projects/ProjectA/Content/_Asset/StaticMesh/RoofOuter.uasset" 2402
"D:/Unreal Projects/ProjectA/Content/_Asset/StaticMesh/RoofOuter.uexp" 2403
"D:/Unreal Projects/ProjectA/Content/_Asset/StaticMesh/SandStone.ubulk" 2404
"D:/Unreal Projects/ProjectA/Content/_Asset/StaticMesh/SandStone.uasset" 2405
"D:/Unreal Projects/ProjectA/Content/_Asset/StaticMesh/SandStone.uexp" 2406
"D:/Unreal Projects/ProjectA/Content/_Asset/StaticMesh/Wall1.ubulk" 2407
"D:/Unreal Projects/ProjectA/Content/_Asset/StaticMesh/Wall1.uasset" 2408
"D:/Unreal Projects/ProjectA/Content/_Asset/StaticMesh/Wall1.uexp" 2409
"D:/Unreal Projects/ProjectA/Content/_Asset/StaticMesh/Wall2.ubulk" 2410
"D:/Unreal Projects/ProjectA/Content/_Asset/StaticMesh/Wall2.uasset" 2411
"D:/Unreal Projects/ProjectA/Content/_Asset/StaticMesh/Wall2.uexp" 2412
"D:/Unreal Projects/ProjectA/Content/_Asset/StaticMesh/Wall3.ubulk" 2413
"D:/Unreal Projects/ProjectA/Content/_Asset/StaticMesh/Wall3.uasset" 2414
"D:/Unreal Projects/ProjectA/Content/_Asset/StaticMesh/Wall3.uexp" 2415
"D:/Unreal Projects/ProjectA/Content/_Asset/StaticMesh/Wall4.ubulk" 2416
"D:/Unreal Projects/ProjectA/Content/_Asset/StaticMesh/Wall4.uasset" 2417
"D:/Unreal Projects/ProjectA/Content/_Asset/StaticMesh/Wall4.uexp" 2418
"D:/Unreal Projects/ProjectA/Content/_Asset/StaticMesh/Whole.ubulk" 2419
"D:/Unreal Projects/ProjectA/Content/_Asset/StaticMesh/Whole.uasset" 2420
"D:/Unreal Projects/ProjectA/Content/_Asset/StaticMesh/Whole.uexp" 2421
"D:/Unreal Projects/ProjectA/Content/KoreanTraditionalMartialArts/Meshs/Weapons/Textures/T_Deungpa_BC.ubulk" 2422
"D:/Unreal Projects/ProjectA/Content/KoreanTraditionalMartialArts/Meshs/Weapons/Textures/T_Deungpa_BC.uasset" 2423
"D:/Unreal Projects/ProjectA/Content/KoreanTraditionalMartialArts/Meshs/Weapons/Textures/T_Deungpa_BC.uexp" 2424
"D:/Unreal Projects/ProjectA/Content/KoreanTraditionalMartialArts/Meshs/Weapons/Textures/T_Deungpa_N.ubulk" 2425
"D:/Unreal Projects/ProjectA/Content/KoreanTraditionalMartialArts/Meshs/Weapons/Textures/T_Deungpa_N.uasset" 2426
"D:/Unreal Projects/ProjectA/Content/KoreanTraditionalMartialArts/Meshs/Weapons/Textures/T_Deungpa_N.uexp" 2427
"D:/Unreal Projects/ProjectA/Content/KoreanTraditionalMartialArts/Meshs/Weapons/Textures/T_Deungpa_R.ubulk" 2428
"D:/Unreal Projects/ProjectA/Content/KoreanTraditionalMartialArts/Meshs/Weapons/Textures/T_Deungpa_R.uasset" 2429
"D:/Unreal Projects/ProjectA/Content/KoreanTraditionalMartialArts/Meshs/Weapons/Textures/T_Deungpa_R.uexp" 2430
"D:/Unreal Projects/ProjectA/Content/KoreanTraditionalMartialArts/Meshs/Weapons/Materials/M_Deungpa.uasset" 2431
"D:/Unreal Projects/ProjectA/Content/KoreanTraditionalMartialArts/Meshs/Weapons/Materials/M_Deungpa.uexp" 2432
"D:/Unreal Projects/ProjectA/Content/_Asset/Weapon/SM_Deungpae.ubulk" 2433
"D:/Unreal Projects/ProjectA/Content/_Asset/Weapon/SM_Deungpae.uasset" 2434
"D:/Unreal Projects/ProjectA/Content/_Asset/Weapon/SM_Deungpae.uexp" 2435
"D:/Unreal Projects/ProjectA/Content/_Game/Input/Action/IA_Attack.uasset" 2436
"D:/Unreal Projects/ProjectA/Content/_Game/Input/Action/IA_Attack.uexp" 2437
"D:/Unreal Projects/ProjectA/Content/_Game/Input/Action/IA_Shift.uasset" 2438
"D:/Unreal Projects/ProjectA/Content/_Game/Input/Action/IA_Shift.uexp" 2439
"D:/Unreal Projects/ProjectA/Content/_Game/Input/Action/IA_HeavyAttack.uasset" 2440
"D:/Unreal Projects/ProjectA/Content/_Game/Input/Action/IA_HeavyAttack.uexp" 2441
"D:/Unreal Projects/ProjectA/Content/_Game/Input/Action/IA_Interaction.uasset" 2442
"D:/Unreal Projects/ProjectA/Content/_Game/Input/Action/IA_Interaction.uexp" 2443
"D:/Unreal Projects/ProjectA/Content/_Game/Input/Action/IA_LockOn.uasset" 2444
"D:/Unreal Projects/ProjectA/Content/_Game/Input/Action/IA_LockOn.uexp" 2445
"D:/Unreal Projects/ProjectA/Content/_Game/Input/Action/IA_LockOnLeft.uasset" 2446
"D:/Unreal Projects/ProjectA/Content/_Game/Input/Action/IA_LockOnLeft.uexp" 2447
"D:/Unreal Projects/ProjectA/Content/_Game/Input/Action/IA_LockOnRight.uasset" 2448
"D:/Unreal Projects/ProjectA/Content/_Game/Input/Action/IA_LockOnRight.uexp" 2449
"D:/Unreal Projects/ProjectA/Content/_Game/Input/Action/IA_Look.uasset" 2450
"D:/Unreal Projects/ProjectA/Content/_Game/Input/Action/IA_Look.uexp" 2451
"D:/Unreal Projects/ProjectA/Content/_Game/Input/Action/IA_Move.uasset" 2452
"D:/Unreal Projects/ProjectA/Content/_Game/Input/Action/IA_Move.uexp" 2453
"D:/Unreal Projects/ProjectA/Content/_Game/Input/Action/IA_Sprint_Rolling.uasset" 2454
"D:/Unreal Projects/ProjectA/Content/_Game/Input/Action/IA_Sprint_Rolling.uexp" 2455
"D:/Unreal Projects/ProjectA/Content/_Game/Input/Action/IA_ToggleCombat.uasset" 2456
"D:/Unreal Projects/ProjectA/Content/_Game/Input/Action/IA_ToggleCombat.uexp" 2457
"D:/Unreal Projects/ProjectA/Content/_Game/Input/Action/IA_Blocking.uasset" 2458
"D:/Unreal Projects/ProjectA/Content/_Game/Input/Action/IA_Blocking.uexp" 2459
"D:/Unreal Projects/ProjectA/Content/_Game/Input/Action/IA_Parry.uasset" 2460
"D:/Unreal Projects/ProjectA/Content/_Game/Input/Action/IA_Parry.uexp" 2461
"D:/Unreal Projects/ProjectA/Content/_Game/Input/IMC_DefaultMappingContext.uasset" 2462
"D:/Unreal Projects/ProjectA/Content/_Game/Input/IMC_DefaultMappingContext.uexp" 2463
"D:/Unreal Projects/ProjectA/Content/_Game/UI/WBP_PlayerHUDWidget.uasset" 2464
"D:/Unreal Projects/ProjectA/Content/_Game/UI/WBP_PlayerHUDWidget.uexp" 2465
"D:/Unreal Projects/ProjectA/Content/_Asset/SFX/Block/A_ShieldImpact1.ubulk" 2466
"D:/Unreal Projects/ProjectA/Content/_Asset/SFX/Block/A_ShieldImpact1.uasset" 2467
"D:/Unreal Projects/ProjectA/Content/_Asset/SFX/Block/A_ShieldImpact1.uexp" 2468
"D:/Unreal Projects/ProjectA/Content/_Asset/SFX/Block/A_ShieldImpact2.ubulk" 2469
"D:/Unreal Projects/ProjectA/Content/_Asset/SFX/Block/A_ShieldImpact2.uasset" 2470
"D:/Unreal Projects/ProjectA/Content/_Asset/SFX/Block/A_ShieldImpact2.uexp" 2471
"D:/Unreal Projects/ProjectA/Content/_Asset/SFX/Block/A_ShieldImpact3.ubulk" 2472
"D:/Unreal Projects/ProjectA/Content/_Asset/SFX/Block/A_ShieldImpact3.uasset" 2473
"D:/Unreal Projects/ProjectA/Content/_Asset/SFX/Block/A_ShieldImpact3.uexp" 2474
"D:/Unreal Projects/ProjectA/Content/_Asset/SFX/Block/A_ShieldImpact4.ubulk" 2475
"D:/Unreal Projects/ProjectA/Content/_Asset/SFX/Block/A_ShieldImpact4.uasset" 2476
"D:/Unreal Projects/ProjectA/Content/_Asset/SFX/Block/A_ShieldImpact4.uexp" 2477
"D:/Unreal Projects/ProjectA/Content/_Asset/SFX/Block/ShieldImpact_Cue.uasset" 2478
"D:/Unreal Projects/ProjectA/Content/_Asset/SFX/Block/ShieldImpact_Cue.uexp" 2479
"D:/Unreal Projects/ProjectA/Content/_Asset/Anim/PlayerCharacter/Common/Anim_Fall_Loop.uasset" 2480
"D:/Unreal Projects/ProjectA/Content/_Asset/Anim/PlayerCharacter/Common/Anim_Fall_Loop.uexp" 2481
"D:/Unreal Projects/ProjectA/Content/_Asset/Anim/PlayerCharacter/Common/Anim_Land.uasset" 2482
"D:/Unreal Projects/ProjectA/Content/_Asset/Anim/PlayerCharacter/Common/Anim_Land.uexp" 2483
"D:/Unreal Projects/ProjectA/Content/_Asset/Anim/PlayerCharacter/Common/BS_Move.uasset" 2484
"D:/Unreal Projects/ProjectA/Content/_Asset/Anim/PlayerCharacter/Common/BS_Move.uexp" 2485
"D:/Unreal Projects/ProjectA/Content/_Asset/Anim/PlayerCharacter/Fists_RTG/Locomotion/Melee_Jog_Bwd.uasset" 2486
"D:/Unreal Projects/ProjectA/Content/_Asset/Anim/PlayerCharacter/Fists_RTG/Locomotion/Melee_Jog_Bwd.uexp" 2487
"D:/Unreal Projects/ProjectA/Content/_Asset/Anim/PlayerCharacter/Fists_RTG/Locomotion/Melee_Jog_Left.uasset" 2488
"D:/Unreal Projects/ProjectA/Content/_Asset/Anim/PlayerCharacter/Fists_RTG/Locomotion/Melee_Jog_Left.uexp" 2489
"D:/Unreal Projects/ProjectA/Content/_Asset/Anim/PlayerCharacter/Fists_RTG/Locomotion/Melee_Jog_Right.uasset" 2490
"D:/Unreal Projects/ProjectA/Content/_Asset/Anim/PlayerCharacter/Fists_RTG/Locomotion/Melee_Jog_Right.uexp" 2491
"D:/Unreal Projects/ProjectA/Content/_Asset/Anim/PlayerCharacter/Fists_RTG/BS_Fists.uasset" 2492
"D:/Unreal Projects/ProjectA/Content/_Asset/Anim/PlayerCharacter/Fists_RTG/BS_Fists.uexp" 2493
"D:/Unreal Projects/ProjectA/Content/_Asset/Anim/PlayerCharacter/Sword_and_Shield_RTG/Idle/Idle_Combat.uasset" 2494
"D:/Unreal Projects/ProjectA/Content/_Asset/Anim/PlayerCharacter/Sword_and_Shield_RTG/Idle/Idle_Combat.uexp" 2495
"D:/Unreal Projects/ProjectA/Content/_Asset/Anim/PlayerCharacter/Sword_and_Shield_RTG/Run_Combat/Run_Combat_Back.uasset" 2496
"D:/Unreal Projects/ProjectA/Content/_Asset/Anim/PlayerCharacter/Sword_and_Shield_RTG/Run_Combat/Run_Combat_Back.uexp" 2497
"D:/Unreal Projects/ProjectA/Content/_Asset/Anim/PlayerCharacter/Sword_and_Shield_RTG/Run_Combat/Run_Combat_Forward.uasset" 2498
"D:/Unreal Projects/ProjectA/Content/_Asset/Anim/PlayerCharacter/Sword_and_Shield_RTG/Run_Combat/Run_Combat_Forward.uexp" 2499
"D:/Unreal Projects/ProjectA/Content/_Asset/Anim/PlayerCharacter/Sword_and_Shield_RTG/Run_Combat/Run_Combat_F_L_90.uasset" 2500
"D:/Unreal Projects/ProjectA/Content/_Asset/Anim/PlayerCharacter/Sword_and_Shield_RTG/Run_Combat/Run_Combat_F_L_90.uexp" 2501
"D:/Unreal Projects/ProjectA/Content/_Asset/Anim/PlayerCharacter/Sword_and_Shield_RTG/Run_Combat/Run_Combat_F_R_90.uasset" 2502
"D:/Unreal Projects/ProjectA/Content/_Asset/Anim/PlayerCharacter/Sword_and_Shield_RTG/Run_Combat/Run_Combat_F_R_90.uexp" 2503
"D:/Unreal Projects/ProjectA/Content/_Asset/Anim/PlayerCharacter/Sword_and_Shield_RTG/Walk_Combat/Walk_Combat_Back.uasset" 2504
"D:/Unreal Projects/ProjectA/Content/_Asset/Anim/PlayerCharacter/Sword_and_Shield_RTG/Walk_Combat/Walk_Combat_Back.uexp" 2505
"D:/Unreal Projects/ProjectA/Content/_Asset/Anim/PlayerCharacter/Sword_and_Shield_RTG/Walk_Combat/Walk_Combat_Forward.uasset" 2506
"D:/Unreal Projects/ProjectA/Content/_Asset/Anim/PlayerCharacter/Sword_and_Shield_RTG/Walk_Combat/Walk_Combat_Forward.uexp" 2507
"D:/Unreal Projects/ProjectA/Content/_Asset/Anim/PlayerCharacter/Sword_and_Shield_RTG/Walk_Combat/Walk_Combat_F_L_90.uasset" 2508
"D:/Unreal Projects/ProjectA/Content/_Asset/Anim/PlayerCharacter/Sword_and_Shield_RTG/Walk_Combat/Walk_Combat_F_L_90.uexp" 2509
"D:/Unreal Projects/ProjectA/Content/_Asset/Anim/PlayerCharacter/Sword_and_Shield_RTG/Walk_Combat/Walk_Combat_F_R_90.uasset" 2510
"D:/Unreal Projects/ProjectA/Content/_Asset/Anim/PlayerCharacter/Sword_and_Shield_RTG/Walk_Combat/Walk_Combat_F_R_90.uexp" 2511
"D:/Unreal Projects/ProjectA/Content/_Asset/Anim/PlayerCharacter/Sword_and_Shield_RTG/BS_SwordAndShield.uasset" 2512
"D:/Unreal Projects/ProjectA/Content/_Asset/Anim/PlayerCharacter/Sword_and_Shield_RTG/BS_SwordAndShield.uexp" 2513
"D:/Unreal Projects/ProjectA/Content/_Asset/Anim/PlayerCharacter/TwoHanded_RTG/Idle/TwoHanded_Idle.uasset" 2514
"D:/Unreal Projects/ProjectA/Content/_Asset/Anim/PlayerCharacter/TwoHanded_RTG/Idle/TwoHanded_Idle.uexp" 2515
"D:/Unreal Projects/ProjectA/Content/_Asset/Anim/PlayerCharacter/TwoHanded_RTG/Run_Combat/TwoHanded_Combat_Run_B.uasset" 2516
"D:/Unreal Projects/ProjectA/Content/_Asset/Anim/PlayerCharacter/TwoHanded_RTG/Run_Combat/TwoHanded_Combat_Run_B.uexp" 2517
"D:/Unreal Projects/ProjectA/Content/_Asset/Anim/PlayerCharacter/TwoHanded_RTG/Run_Combat/TwoHanded_Combat_Run_F.uasset" 2518
"D:/Unreal Projects/ProjectA/Content/_Asset/Anim/PlayerCharacter/TwoHanded_RTG/Run_Combat/TwoHanded_Combat_Run_F.uexp" 2519
"D:/Unreal Projects/ProjectA/Content/_Asset/Anim/PlayerCharacter/TwoHanded_RTG/Run_Combat/TwoHanded_Combat_Run_L.uasset" 2520
"D:/Unreal Projects/ProjectA/Content/_Asset/Anim/PlayerCharacter/TwoHanded_RTG/Run_Combat/TwoHanded_Combat_Run_L.uexp" 2521
"D:/Unreal Projects/ProjectA/Content/_Asset/Anim/PlayerCharacter/TwoHanded_RTG/Run_Combat/TwoHanded_Combat_Run_R.uasset" 2522
"D:/Unreal Projects/ProjectA/Content/_Asset/Anim/PlayerCharacter/TwoHanded_RTG/Run_Combat/TwoHanded_Combat_Run_R.uexp" 2523
"D:/Unreal Projects/ProjectA/Content/_Asset/Anim/PlayerCharacter/TwoHanded_RTG/Walk_Combat/TwoHanded_Combat_Walk_B.uasset" 2524
"D:/Unreal Projects/ProjectA/Content/_Asset/Anim/PlayerCharacter/TwoHanded_RTG/Walk_Combat/TwoHanded_Combat_Walk_B.uexp" 2525
"D:/Unreal Projects/ProjectA/Content/_Asset/Anim/PlayerCharacter/TwoHanded_RTG/Walk_Combat/TwoHanded_Combat_Walk_F.uasset" 2526
"D:/Unreal Projects/ProjectA/Content/_Asset/Anim/PlayerCharacter/TwoHanded_RTG/Walk_Combat/TwoHanded_Combat_Walk_F.uexp" 2527
"D:/Unreal Projects/ProjectA/Content/_Asset/Anim/PlayerCharacter/TwoHanded_RTG/Walk_Combat/TwoHanded_Combat_Walk_L.uasset" 2528
"D:/Unreal Projects/ProjectA/Content/_Asset/Anim/PlayerCharacter/TwoHanded_RTG/Walk_Combat/TwoHanded_Combat_Walk_L.uexp" 2529
"D:/Unreal Projects/ProjectA/Content/_Asset/Anim/PlayerCharacter/TwoHanded_RTG/Walk_Combat/TwoHanded_Combat_Walk_R.uasset" 2530
"D:/Unreal Projects/ProjectA/Content/_Asset/Anim/PlayerCharacter/TwoHanded_RTG/Walk_Combat/TwoHanded_Combat_Walk_R.uexp" 2531
"D:/Unreal Projects/ProjectA/Content/_Asset/Anim/PlayerCharacter/TwoHanded_RTG/BS_TwoHanded.uasset" 2532
"D:/Unreal Projects/ProjectA/Content/_Asset/Anim/PlayerCharacter/TwoHanded_RTG/BS_TwoHanded.uexp" 2533
"D:/Unreal Projects/ProjectA/Content/_Asset/Anim/PlayerCharacter/Sword_and_Shield_RTG/Blocking/Block_Idle.uasset" 2534
"D:/Unreal Projects/ProjectA/Content/_Asset/Anim/PlayerCharacter/Sword_and_Shield_RTG/Blocking/Block_Idle.uexp" 2535
"D:/Unreal Projects/ProjectA/Content/_Asset/Anim/PlayerCharacter/Sword_and_Shield_RTG/Blocking/Walk_Block_Back.uasset" 2536
"D:/Unreal Projects/ProjectA/Content/_Asset/Anim/PlayerCharacter/Sword_and_Shield_RTG/Blocking/Walk_Block_Back.uexp" 2537
"D:/Unreal Projects/ProjectA/Content/_Asset/Anim/PlayerCharacter/Sword_and_Shield_RTG/Blocking/Walk_Block_Forward.uasset" 2538
"D:/Unreal Projects/ProjectA/Content/_Asset/Anim/PlayerCharacter/Sword_and_Shield_RTG/Blocking/Walk_Block_Forward.uexp" 2539
"D:/Unreal Projects/ProjectA/Content/_Asset/Anim/PlayerCharacter/Sword_and_Shield_RTG/Blocking/Walk_Block_Left.uasset" 2540
"D:/Unreal Projects/ProjectA/Content/_Asset/Anim/PlayerCharacter/Sword_and_Shield_RTG/Blocking/Walk_Block_Left.uexp" 2541
"D:/Unreal Projects/ProjectA/Content/_Asset/Anim/PlayerCharacter/Sword_and_Shield_RTG/Blocking/Walk_Block_Right.uasset" 2542
"D:/Unreal Projects/ProjectA/Content/_Asset/Anim/PlayerCharacter/Sword_and_Shield_RTG/Blocking/Walk_Block_Right.uexp" 2543
"D:/Unreal Projects/ProjectA/Content/_Asset/Anim/PlayerCharacter/Sword_and_Shield_RTG/BS_SwordAndShield_Blocking.uasset" 2544
"D:/Unreal Projects/ProjectA/Content/_Asset/Anim/PlayerCharacter/Sword_and_Shield_RTG/BS_SwordAndShield_Blocking.uexp" 2545
"D:/Unreal Projects/ProjectA/Content/_Asset/Anim/PlayerCharacter/Common/ABP_PlayerCharacter.uasset" 2546
"D:/Unreal Projects/ProjectA/Content/_Asset/Anim/PlayerCharacter/Common/ABP_PlayerCharacter.uexp" 2547
"D:/Unreal Projects/ProjectA/Content/_Asset/Particle/Realistic_Starter_VFX_Pack_Vol2/Textures/T_Dirt_A.ubulk" 2548
"D:/Unreal Projects/ProjectA/Content/_Asset/Particle/Realistic_Starter_VFX_Pack_Vol2/Textures/T_Dirt_A.uasset" 2549
"D:/Unreal Projects/ProjectA/Content/_Asset/Particle/Realistic_Starter_VFX_Pack_Vol2/Textures/T_Dirt_A.uexp" 2550
"D:/Unreal Projects/ProjectA/Content/_Asset/Particle/Realistic_Starter_VFX_Pack_Vol2/Materials/M_Dirt_B.uasset" 2551
"D:/Unreal Projects/ProjectA/Content/_Asset/Particle/Realistic_Starter_VFX_Pack_Vol2/Materials/M_Dirt_B.uexp" 2552
"D:/Unreal Projects/ProjectA/Content/_Asset/Particle/Realistic_Starter_VFX_Pack_Vol2/Textures/T_Smoke_Wisp.ubulk" 2553
"D:/Unreal Projects/ProjectA/Content/_Asset/Particle/Realistic_Starter_VFX_Pack_Vol2/Textures/T_Smoke_Wisp.uasset" 2554
"D:/Unreal Projects/ProjectA/Content/_Asset/Particle/Realistic_Starter_VFX_Pack_Vol2/Textures/T_Smoke_Wisp.uexp" 2555
"D:/Unreal Projects/ProjectA/Content/_Asset/Particle/Realistic_Starter_VFX_Pack_Vol2/Materials/M_Smoke_Wisp.uasset" 2556
"D:/Unreal Projects/ProjectA/Content/_Asset/Particle/Realistic_Starter_VFX_Pack_Vol2/Materials/M_Smoke_Wisp.uexp" 2557
"D:/Unreal Projects/ProjectA/Content/_Asset/Particle/Realistic_Starter_VFX_Pack_Vol2/Textures/T_NoiseNormal_A.ubulk" 2558
"D:/Unreal Projects/ProjectA/Content/_Asset/Particle/Realistic_Starter_VFX_Pack_Vol2/Textures/T_NoiseNormal_A.uasset" 2559
"D:/Unreal Projects/ProjectA/Content/_Asset/Particle/Realistic_Starter_VFX_Pack_Vol2/Textures/T_NoiseNormal_A.uexp" 2560
"D:/Unreal Projects/ProjectA/Content/_Asset/Particle/Realistic_Starter_VFX_Pack_Vol2/Textures/T_Wood.ubulk" 2561
"D:/Unreal Projects/ProjectA/Content/_Asset/Particle/Realistic_Starter_VFX_Pack_Vol2/Textures/T_Wood.uasset" 2562
"D:/Unreal Projects/ProjectA/Content/_Asset/Particle/Realistic_Starter_VFX_Pack_Vol2/Textures/T_Wood.uexp" 2563
"D:/Unreal Projects/ProjectA/Content/_Asset/Particle/Realistic_Starter_VFX_Pack_Vol2/Materials/M_Wood.uasset" 2564
"D:/Unreal Projects/ProjectA/Content/_Asset/Particle/Realistic_Starter_VFX_Pack_Vol2/Materials/M_Wood.uexp" 2565
"D:/Unreal Projects/ProjectA/Content/_Asset/Particle/Realistic_Starter_VFX_Pack_Vol2/Particles/Hit/P_Wood.uasset" 2566
"D:/Unreal Projects/ProjectA/Content/_Asset/Particle/Realistic_Starter_VFX_Pack_Vol2/Particles/Hit/P_Wood.uexp" 2567
"D:/Unreal Projects/ProjectA/Content/_Asset/Anim/PlayerCharacter/Fists_RTG/Light_Attack/Melee_Lightattack3.uasset" 2568
"D:/Unreal Projects/ProjectA/Content/_Asset/Anim/PlayerCharacter/Fists_RTG/Light_Attack/Melee_Lightattack3.uexp" 2569
"D:/Unreal Projects/ProjectA/Content/_Asset/Anim/PlayerCharacter/Fists_RTG/Light_Attack/AM_Melee_Lightattack3_Montage.uasset" 2570
"D:/Unreal Projects/ProjectA/Content/_Asset/Anim/PlayerCharacter/Fists_RTG/Light_Attack/AM_Melee_Lightattack3_Montage.uexp" 2571
"D:/Unreal Projects/ProjectA/Content/_Asset/Anim/PlayerCharacter/Fists_RTG/Light_Attack/Melee_Light_Attack1.uasset" 2572
"D:/Unreal Projects/ProjectA/Content/_Asset/Anim/PlayerCharacter/Fists_RTG/Light_Attack/Melee_Light_Attack1.uexp" 2573
"D:/Unreal Projects/ProjectA/Content/_Asset/Anim/PlayerCharacter/Fists_RTG/Light_Attack/AM_Melee_Light_Attack1_Montage.uasset" 2574
"D:/Unreal Projects/ProjectA/Content/_Asset/Anim/PlayerCharacter/Fists_RTG/Light_Attack/AM_Melee_Light_Attack1_Montage.uexp" 2575
"D:/Unreal Projects/ProjectA/Content/_Asset/Anim/PlayerCharacter/Fists_RTG/Light_Attack/Melee_Light_Attack2.uasset" 2576
"D:/Unreal Projects/ProjectA/Content/_Asset/Anim/PlayerCharacter/Fists_RTG/Light_Attack/Melee_Light_Attack2.uexp" 2577
"D:/Unreal Projects/ProjectA/Content/_Asset/Anim/PlayerCharacter/Fists_RTG/Light_Attack/AM_Melee_Light_Attack2_Montage.uasset" 2578
"D:/Unreal Projects/ProjectA/Content/_Asset/Anim/PlayerCharacter/Fists_RTG/Light_Attack/AM_Melee_Light_Attack2_Montage.uexp" 2579
"D:/Unreal Projects/ProjectA/Content/_Asset/Anim/PlayerCharacter/Common/Anim_Roll_Forward.uasset" 2580
"D:/Unreal Projects/ProjectA/Content/_Asset/Anim/PlayerCharacter/Common/Anim_Roll_Forward.uexp" 2581
"D:/Unreal Projects/ProjectA/Content/_Asset/Anim/PlayerCharacter/Common/AM_Roll_Forward.uasset" 2582
"D:/Unreal Projects/ProjectA/Content/_Asset/Anim/PlayerCharacter/Common/AM_Roll_Forward.uexp" 2583
"D:/Unreal Projects/ProjectA/Content/_Game/Data/DA_Fist.uasset" 2584
"D:/Unreal Projects/ProjectA/Content/_Game/Data/DA_Fist.uexp" 2585
"D:/Unreal Projects/ProjectA/Content/_Game/Blueprints/Equipments/Weapons/BP_Fist.uasset" 2586
"D:/Unreal Projects/ProjectA/Content/_Game/Blueprints/Equipments/Weapons/BP_Fist.uexp" 2587
"D:/Unreal Projects/ProjectA/Content/_Game/Blueprints/Character/BP_PlayerCharacter.uasset" 2588
"D:/Unreal Projects/ProjectA/Content/_Game/Blueprints/Character/BP_PlayerCharacter.uexp" 2589
"D:/Unreal Projects/ProjectA/Content/_Game/Input/Action/IA_Pause.uasset" 2590
"D:/Unreal Projects/ProjectA/Content/_Game/Input/Action/IA_Pause.uexp" 2591
"D:/Unreal Projects/ProjectA/Content/_Game/Input/IMC_InGameMappingContext.uasset" 2592
"D:/Unreal Projects/ProjectA/Content/_Game/Input/IMC_InGameMappingContext.uexp" 2593
"D:/Unreal Projects/ProjectA/Content/_Game/UI/WBP_DemoEndWidget.uasset" 2594
"D:/Unreal Projects/ProjectA/Content/_Game/UI/WBP_DemoEndWidget.uexp" 2595
"D:/Unreal Projects/ProjectA/Content/_Game/UI/WBP_DiedWidget.uasset" 2596
"D:/Unreal Projects/ProjectA/Content/_Game/UI/WBP_DiedWidget.uexp" 2597
"D:/Unreal Projects/ProjectA/Content/_Game/UI/WBP_PauseMenuWidget.uasset" 2598
"D:/Unreal Projects/ProjectA/Content/_Game/UI/WBP_PauseMenuWidget.uexp" 2599
"D:/Unreal Projects/ProjectA/Content/_Asset/SFX/Music/Birds.ubulk" 2600
"D:/Unreal Projects/ProjectA/Content/_Asset/SFX/Music/Birds.uasset" 2601
"D:/Unreal Projects/ProjectA/Content/_Asset/SFX/Music/Birds.uexp" 2602
"D:/Unreal Projects/ProjectA/Content/_Game/Blueprints/PlayerControllers/BP_PC_InGame.uasset" 2603
"D:/Unreal Projects/ProjectA/Content/_Game/Blueprints/PlayerControllers/BP_PC_InGame.uexp" 2604
"D:/Unreal Projects/ProjectA/Content/_Game/Blueprints/GameModes/BP_GM_InGame.uasset" 2605
"D:/Unreal Projects/ProjectA/Content/_Game/Blueprints/GameModes/BP_GM_InGame.uexp" 2606
"D:/Unreal Projects/ProjectA/Content/_Game/Blueprints/Equipments/Weapons/BP_Deungpae.uasset" 2607
"D:/Unreal Projects/ProjectA/Content/_Game/Blueprints/Equipments/Weapons/BP_Deungpae.uexp" 2608
"D:/Unreal Projects/ProjectA/Content/_Asset/Anim/EnemyCharacter/Sword_and_Shield_RTG/Hit/AM_Hit_Large_Back_Montage_Enemy.uasset" 2609
"D:/Unreal Projects/ProjectA/Content/_Asset/Anim/EnemyCharacter/Sword_and_Shield_RTG/Hit/AM_Hit_Large_Back_Montage_Enemy.uexp" 2610
"D:/Unreal Projects/ProjectA/Content/_Asset/Anim/EnemyCharacter/Sword_and_Shield_RTG/Hit/AM_Hit_Large_Front_Montage_Enemy.uasset" 2611
"D:/Unreal Projects/ProjectA/Content/_Asset/Anim/EnemyCharacter/Sword_and_Shield_RTG/Hit/AM_Hit_Large_Front_Montage_Enemy.uexp" 2612
"D:/Unreal Projects/ProjectA/Content/_Asset/Anim/EnemyCharacter/Sword_and_Shield_RTG/Hit/AM_Hit_Left_Montage_Enemy.uasset" 2613
"D:/Unreal Projects/ProjectA/Content/_Asset/Anim/EnemyCharacter/Sword_and_Shield_RTG/Hit/AM_Hit_Left_Montage_Enemy.uexp" 2614
"D:/Unreal Projects/ProjectA/Content/_Asset/Anim/EnemyCharacter/Sword_and_Shield_RTG/Hit/AM_Hit_Right_Montage_Enemy.uasset" 2615
"D:/Unreal Projects/ProjectA/Content/_Asset/Anim/EnemyCharacter/Sword_and_Shield_RTG/Hit/AM_Hit_Right_Montage_Enemy.uexp" 2616
"D:/Unreal Projects/ProjectA/Content/_Asset/Anim/EnemyCharacter/Sword_and_Shield_RTG/Attack/ComboAttack_Light/AM_Combo_Attack_Light_01_Montage_Enemy.uasset" 2617
"D:/Unreal Projects/ProjectA/Content/_Asset/Anim/EnemyCharacter/Sword_and_Shield_RTG/Attack/ComboAttack_Light/AM_Combo_Attack_Light_01_Montage_Enemy.uexp" 2618
"D:/Unreal Projects/ProjectA/Content/_Asset/Anim/EnemyCharacter/Sword_and_Shield_RTG/Attack/ComboAttack_Light/AM_Combo_Attack_Light_02_Montage_Enemy.uasset" 2619
"D:/Unreal Projects/ProjectA/Content/_Asset/Anim/EnemyCharacter/Sword_and_Shield_RTG/Attack/ComboAttack_Light/AM_Combo_Attack_Light_02_Montage_Enemy.uexp" 2620
"D:/Unreal Projects/ProjectA/Content/_Asset/Anim/EnemyCharacter/Sword_and_Shield_RTG/Attack/ComboAttack_Light/AM_Combo_Attack_Light_03_Montage_Enemy.uasset" 2621
"D:/Unreal Projects/ProjectA/Content/_Asset/Anim/EnemyCharacter/Sword_and_Shield_RTG/Attack/ComboAttack_Light/AM_Combo_Attack_Light_03_Montage_Enemy.uexp" 2622
"D:/Unreal Projects/ProjectA/Content/_Asset/Anim/EnemyCharacter/Sword_and_Shield_RTG/Attack/ComboAttack_Light/AM_Combo_Attack_Light_04_Montage_Enemy.uasset" 2623
"D:/Unreal Projects/ProjectA/Content/_Asset/Anim/EnemyCharacter/Sword_and_Shield_RTG/Attack/ComboAttack_Light/AM_Combo_Attack_Light_04_Montage_Enemy.uexp" 2624
"D:/Unreal Projects/ProjectA/Content/_Asset/Anim/EnemyCharacter/Sword_and_Shield_RTG/Attack/Dash_Attack/AM_Dash_Air_Attack_Montage_Enemy.uasset" 2625
"D:/Unreal Projects/ProjectA/Content/_Asset/Anim/EnemyCharacter/Sword_and_Shield_RTG/Attack/Dash_Attack/AM_Dash_Air_Attack_Montage_Enemy.uexp" 2626
"D:/Unreal Projects/ProjectA/Content/_Game/Data/DA_Sword_and_Shield_Enemy.uasset" 2627
"D:/Unreal Projects/ProjectA/Content/_Game/Data/DA_Sword_and_Shield_Enemy.uexp" 2628
"D:/Unreal Projects/ProjectA/Content/_Game/Blueprints/Equipments/Weapons/Enemy/BP_Hwando_Enemy.uasset" 2629
"D:/Unreal Projects/ProjectA/Content/_Game/Blueprints/Equipments/Weapons/Enemy/BP_Hwando_Enemy.uexp" 2630
"D:/Unreal Projects/ProjectA/Content/_Game/Maps/LV_Tutorial.uexp" 2631
"D:/Unreal Projects/ProjectA/Content/_Game/Maps/LV_Tutorial.ubulk" 2632
"D:/Unreal Projects/ProjectA/Content/_Game/Maps/LV_Tutorial.umap" 2633
